id_municipio,nome,sigla_uf,capital,latitude,longitude
1100015,Alta Floresta D'Oeste,RO,0,-11.9283,-61.9953
1100023,Ariquemes,RO,0,-9.90571,-63.0325
1100031,Cabixi,RO,0,-13.4945,-60.552
1100049,Cacoal,RO,0,-11.4343,-61.4562
1100056,Cerejeiras,RO,0,-13.187,-60.8168
1100064,Colorado do Oeste,RO,0,-13.1174,-60.5454
1100072,Corumbiara,RO,0,-12.9551,-60.8947
1100080,Costa Marques,RO,0,-12.4367,-64.228
1100098,Espigão D'Oeste,RO,0,-11.5266,-61.0252
1100106,Guajará-Mirim,RO,0,-10.7889,-65.3296
1100114,Jaru,RO,0,-10.4318,-62.4788
1100122,Ji-Paraná,RO,0,-10.8777,-61.9322
1100130,Machadinho D'Oeste,RO,0,-9.44363,-61.9818
1100148,Nova Brasilândia D'Oeste,RO,0,-11.7247,-62.3127
1100155,Ouro Preto do Oeste,RO,0,-10.7167,-62.2565
1100189,Pimenta Bueno,RO,0,-11.672,-61.198
1100205,Porto Velho,RO,1,-8.76077,-63.8999
1100254,Presidente Médici,RO,0,-11.169,-61.8986
1100262,Rio Crespo,RO,0,-9.69965,-62.9011
1100288,Rolim de Moura,RO,0,-11.7271,-61.7714
1100296,Santa Luzia D'Oeste,RO,0,-11.9074,-61.7777
1100304,Vilhena,RO,0,-12.7502,-60.1488
1100320,São Miguel do Guaporé,RO,0,-11.6953,-62.7192
1100338,Nova Mamoré,RO,0,-10.4077,-65.3346
1100346,Alvorada D'Oeste,RO,0,-11.3463,-62.2847
1100379,Alto Alegre dos Parecis,RO,0,-12.132,-61.835
1100403,Alto Paraíso,RO,0,-9.71429,-63.3188
1100452,Buritis,RO,0,-10.1943,-63.8324
1100502,Novo Horizonte do Oeste,RO,0,-11.6961,-61.9951
1100601,Cacaulândia,RO,0,-10.349,-62.9043
1100700,Campo Novo de Rondônia,RO,0,-10.5712,-63.6266
1100809,Candeias do Jamari,RO,0,-8.7907,-63.7005
1100908,Castanheiras,RO,0,-11.4253,-61.9482
1100924,Chupinguaia,RO,0,-12.5611,-60.8877
1100940,Cujubim,RO,0,-9.36065,-62.5846
1101005,Governador Jorge Teixeira,RO,0,-10.61,-62.7371
1101104,Itapuã do Oeste,RO,0,-9.19687,-63.1809
1101203,Ministro Andreazza,RO,0,-11.196,-61.5174
1101302,Mirante da Serra,RO,0,-11.029,-62.6696
1101401,Monte Negro,RO,0,-10.2458,-63.29
1101435,Nova União,RO,0,-10.9068,-62.5564
1101450,Parecis,RO,0,-12.1754,-61.6032
1101468,Pimenteiras do Oeste,RO,0,-13.4823,-61.0471
1101476,Primavera de Rondônia,RO,0,-11.8295,-61.3153
1101484,São Felipe D'Oeste,RO,0,-11.9023,-61.5026
1101492,São Francisco do Guaporé,RO,0,-12.052,-63.568
1101500,Seringueiras,RO,0,-11.8055,-63.0182
1101559,Teixeirópolis,RO,0,-10.9056,-62.242
1101609,Theobroma,RO,0,-10.2483,-62.3538
1101708,Urupá,RO,0,-11.1261,-62.3639
1101757,Vale do Anari,RO,0,-9.86215,-62.1876
1101807,Vale do Paraíso,RO,0,-10.4465,-62.1352
1200013,Acrelândia,AC,0,-9.82581,-66.8972
1200054,Assis Brasil,AC,0,-10.9298,-69.5738
1200104,Brasiléia,AC,0,-10.995,-68.7497
1200138,Bujari,AC,0,-9.81528,-67.955
1200179,Capixaba,AC,0,-10.566,-67.686
1200203,Cruzeiro do Sul,AC,0,-7.62762,-72.6756
1200252,Epitaciolândia,AC,0,-11.0188,-68.7341
1200302,Feijó,AC,0,-8.17054,-70.351
1200328,Jordão,AC,0,-9.1908,-71.9503
1200336,Mâncio Lima,AC,0,-7.61657,-72.8997
1200344,Manoel Urbano,AC,0,-8.83291,-69.2679
1200351,Marechal Thaumaturgo,AC,0,-8.93898,-72.7997
1200385,Plácido de Castro,AC,0,-10.2806,-67.1371
1200393,Porto Walter,AC,0,-8.26323,-72.7537
1200401,Rio Branco,AC,1,-9.97499,-67.8243
1200427,Rodrigues Alves,AC,0,-7.73864,-72.661
1200435,Santa Rosa do Purus,AC,0,-9.44652,-70.4902
1200450,Senador Guiomard,AC,0,-10.1497,-67.7362
1200500,Sena Madureira,AC,0,-9.06596,-68.6571
1200609,Tarauacá,AC,0,-8.15697,-70.7722
1200708,Xapuri,AC,0,-10.6516,-68.4969
1200807,Porto Acre,AC,0,-9.58138,-67.5478
1300029,Alvarães,AM,0,-3.22727,-64.8007
1300060,Amaturá,AM,0,-3.37455,-68.2005
1300086,Anamã,AM,0,-3.56697,-61.3963
1300102,Anori,AM,0,-3.74603,-61.6575
1300144,Apuí,AM,0,-7.19409,-59.896
1300201,Atalaia do Norte,AM,0,-4.37055,-70.1967
1300300,Autazes,AM,0,-3.58574,-59.1256
1300409,Barcelos,AM,0,-0.983373,-62.9311
1300508,Barreirinha,AM,0,-2.79886,-57.0679
1300607,Benjamin Constant,AM,0,-4.37768,-70.0342
1300631,Beruri,AM,0,-3.89874,-61.3616
1300680,Boa Vista do Ramos,AM,0,-2.97409,-57.5873
1300706,Boca do Acre,AM,0,-8.74232,-67.3919
1300805,Borba,AM,0,-4.39154,-59.5874
1300839,Caapiranga,AM,0,-3.31537,-61.2206
1300904,Canutama,AM,0,-6.52582,-64.3953
1301001,Carauari,AM,0,-4.88161,-66.9086
1301100,Careiro,AM,0,-3.76803,-60.369
1301159,Careiro da Várzea,AM,0,-3.314,-59.5557
1301209,Coari,AM,0,-4.09412,-63.1441
1301308,Codajás,AM,0,-3.83053,-62.0658
1301407,Eirunepé,AM,0,-6.65677,-69.8662
1301506,Envira,AM,0,-7.43789,-70.0281
1301605,Fonte Boa,AM,0,-2.52342,-66.0942
1301654,Guajará,AM,0,-7.53797,-72.5907
1301704,Humaitá,AM,0,-7.51171,-63.0327
1301803,Ipixuna,AM,0,-7.04791,-71.6934
1301852,Iranduba,AM,0,-3.27479,-60.19
1301902,Itacoatiara,AM,0,-3.13861,-58.4449
1301951,Itamarati,AM,0,-6.43852,-68.2437
1302009,Itapiranga,AM,0,-2.74081,-58.0293
1302108,Japurá,AM,0,-1.88237,-66.9291
1302207,Juruá,AM,0,-3.48438,-66.0718
1302306,Jutaí,AM,0,-2.75814,-66.7595
1302405,Lábrea,AM,0,-7.26413,-64.7948
1302504,Manacapuru,AM,0,-3.29066,-60.6216
1302553,Manaquiri,AM,0,-3.44078,-60.4612
1302603,Manaus,AM,1,-3.11866,-60.0212
1302702,Manicoré,AM,0,-5.80462,-61.2895
1302801,Maraã,AM,0,-1.85313,-65.573
1302900,Maués,AM,0,-3.39289,-57.7067
1303007,Nhamundá,AM,0,-2.20793,-56.7112
1303106,Nova Olinda do Norte,AM,0,-3.90037,-59.094
1303205,Novo Airão,AM,0,-2.63637,-60.9434
1303304,Novo Aripuanã,AM,0,-5.12593,-60.3732
1303403,Parintins,AM,0,-2.63741,-56.729
1303502,Pauini,AM,0,-7.71311,-66.992
1303536,Presidente Figueiredo,AM,0,-2.02981,-60.0234
1303569,Rio Preto da Eva,AM,0,-2.7045,-59.6858
1303601,Santa Isabel do Rio Negro,AM,0,-0.410824,-65.0092
1303700,Santo Antônio do Içá,AM,0,-3.09544,-67.9463
1303809,São Gabriel da Cachoeira,AM,0,-0.11909,-67.084
1303908,São Paulo de Olivença,AM,0,-3.47292,-68.9646
1303957,São Sebastião do Uatumã,AM,0,-2.55915,-57.8731
1304005,Silves,AM,0,-2.81748,-58.248
1304062,Tabatinga,AM,0,-4.2416,-69.9383
1304104,Tapauá,AM,0,-5.62085,-63.1808
1304203,Tefé,AM,0,-3.36822,-64.7193
1304237,Tonantins,AM,0,-2.86582,-67.7919
1304260,Uarini,AM,0,-2.99609,-65.1133
1304302,Urucará,AM,0,-2.52936,-57.7538
1304401,Urucurituba,AM,0,-3.12841,-58.1496
1400027,Amajari,RR,0,3.64571,-61.3692
1400050,Alto Alegre,RR,0,2.98858,-61.3072
1400100,Boa Vista,RR,1,2.82384,-60.6753
1400159,Bonfim,RR,0,3.36161,-59.8333
1400175,Cantá,RR,0,2.60994,-60.6058
1400209,Caracaraí,RR,0,1.82766,-61.1304
1400233,Caroebe,RR,0,0.884203,-59.6959
1400282,Iracema,RR,0,2.18305,-61.0415
1400308,Mucajaí,RR,0,2.43998,-60.9096
1400407,Normandia,RR,0,3.8853,-59.6204
1400456,Pacaraima,RR,0,4.4799,-61.1477
1400472,Rorainópolis,RR,0,0.939956,-60.4389
1400506,São João da Baliza,RR,0,0.951659,-59.9133
1400605,São Luiz,RR,0,1.01019,-60.0419
1400704,Uiramutã,RR,0,4.60314,-60.1815
1500107,Abaetetuba,PA,0,-1.72183,-48.8788
1500131,Abel Figueiredo,PA,0,-4.95333,-48.3933
1500206,Acará,PA,0,-1.95383,-48.1985
1500305,Afuá,PA,0,-0.154874,-50.3861
1500347,Água Azul do Norte,PA,0,-6.79053,-50.4791
1500404,Alenquer,PA,0,-1.94623,-54.7384
1500503,Almeirim,PA,0,-1.52904,-52.5788
1500602,Altamira,PA,0,-3.20407,-52.21
1500701,Anajás,PA,0,-0.996811,-49.9354
1500800,Ananindeua,PA,0,-1.36391,-48.3743
1500859,Anapu,PA,0,-3.46985,-51.2003
1500909,Augusto Corrêa,PA,0,-1.05109,-46.6147
1500958,Aurora do Pará,PA,0,-2.14898,-47.5677
1501006,Aveiro,PA,0,-3.60841,-55.3199
1501105,Bagre,PA,0,-1.90057,-50.1987
1501204,Baião,PA,0,-2.79021,-49.6694
1501253,Bannach,PA,0,-7.34779,-50.3959
1501303,Barcarena,PA,0,-1.51187,-48.6195
1501402,Belém,PA,1,-1.4554,-48.4898
1501451,Belterra,PA,0,-2.63609,-54.9374
1501501,Benevides,PA,0,-1.36183,-48.2434
1501576,Bom Jesus do Tocantins,PA,0,-5.0424,-48.6047
1501600,Bonito,PA,0,-1.36745,-47.3066
1501709,Bragança,PA,0,-1.06126,-46.7826
1501725,Brasil Novo,PA,0,-3.29792,-52.534
1501758,Brejo Grande do Araguaia,PA,0,-5.69822,-48.4103
1501782,Breu Branco,PA,0,-3.77191,-49.5735
1501808,Breves,PA,0,-1.68036,-50.4791
1501907,Bujaru,PA,0,-1.51762,-48.0381
1501956,Cachoeira do Piriá,PA,0,-1.75974,-46.5459
1502004,Cachoeira do Arari,PA,0,-1.01226,-48.9503
1502103,Cametá,PA,0,-2.24295,-49.4979
1502152,Canaã dos Carajás,PA,0,-6.49659,-49.8776
1502202,Capanema,PA,0,-1.20529,-47.1778
1502301,Capitão Poço,PA,0,-1.74785,-47.0629
1502400,Castanhal,PA,0,-1.29797,-47.9167
1502509,Chaves,PA,0,-0.164154,-49.987
1502608,Colares,PA,0,-0.936423,-48.2803
1502707,Conceição do Araguaia,PA,0,-8.26136,-49.2689
1502756,Concórdia do Pará,PA,0,-1.99238,-47.9422
1502764,Cumaru do Norte,PA,0,-7.81097,-50.7698
1502772,Curionópolis,PA,0,-6.09965,-49.6068
1502806,Curralinho,PA,0,-1.81179,-49.7952
1502855,Curuá,PA,0,-1.88775,-55.1168
1502905,Curuçá,PA,0,-0.733214,-47.8515
1502939,Dom Eliseu,PA,0,-4.19944,-47.8245
1502954,Eldorado do Carajás,PA,0,-6.10389,-49.3553
1503002,Faro,PA,0,-2.16805,-56.7405
1503044,Floresta do Araguaia,PA,0,-7.55335,-49.7125
1503077,Garrafão do Norte,PA,0,-1.92986,-47.0505
1503093,Goianésia do Pará,PA,0,-3.84338,-49.0974
1503101,Gurupá,PA,0,-1.41412,-51.6338
1503200,Igarapé-Açu,PA,0,-1.12539,-47.626
1503309,Igarapé-Miri,PA,0,-1.97533,-48.9575
1503408,Inhangapi,PA,0,-1.4349,-47.9114
1503457,Ipixuna do Pará,PA,0,-2.55992,-47.5059
1503507,Irituia,PA,0,-1.76984,-47.446
1503606,Itaituba,PA,0,-4.2667,-55.9926
1503705,Itupiranga,PA,0,-5.13272,-49.3358
1503754,Jacareacanga,PA,0,-6.21469,-57.7544
1503804,Jacundá,PA,0,-4.44617,-49.1153
1503903,Juruti,PA,0,-2.16347,-56.0889
1504000,Limoeiro do Ajuru,PA,0,-1.8985,-49.3903
1504059,Mãe do Rio,PA,0,-2.05683,-47.5601
1504109,Magalhães Barata,PA,0,-0.803391,-47.6014
1504208,Marabá,PA,0,-5.38075,-49.1327
1504307,Maracanã,PA,0,-0.778899,-47.452
1504406,Marapanim,PA,0,-0.714702,-47.7034
1504422,Marituba,PA,0,-1.36002,-48.3421
1504455,Medicilândia,PA,0,-3.44637,-52.8875
1504505,Melgaço,PA,0,-1.8032,-50.7149
1504604,Mocajuba,PA,0,-2.5831,-49.5042
1504703,Moju,PA,0,-1.88993,-48.7668
1504752,Mojuí dos Campos,PA,0,-2.6822,-54.6425
1504802,Monte Alegre,PA,0,-1.99768,-54.0724
1504901,Muaná,PA,0,-1.53936,-49.2224
1504950,Nova Esperança do Piriá,PA,0,-2.26693,-46.9731
1504976,Nova Ipixuna,PA,0,-4.91622,-49.0822
1505007,Nova Timboteua,PA,0,-1.20874,-47.3921
1505031,Novo Progresso,PA,0,-7.14347,-55.3786
1505064,Novo Repartimento,PA,0,-4.24749,-49.9499
1505106,Óbidos,PA,0,-1.90107,-55.5208
1505205,Oeiras do Pará,PA,0,-2.00358,-49.8628
1505304,Oriximiná,PA,0,-1.75989,-55.8579
1505403,Ourém,PA,0,-1.54168,-47.1126
1505437,Ourilândia do Norte,PA,0,-6.7529,-51.0858
1505486,Pacajá,PA,0,-3.83542,-50.6399
1505494,Palestina do Pará,PA,0,-5.74027,-48.3181
1505502,Paragominas,PA,0,-3.00212,-47.3527
1505536,Parauapebas,PA,0,-6.06781,-49.9037
1505551,Pau d'Arco,PA,0,-1.59772,-46.9268
1505601,Peixe-Boi,PA,0,-1.19382,-47.324
1505635,Piçarra,PA,0,-6.43778,-48.8716
1505650,Placas,PA,0,-3.86813,-54.2124
1505700,Ponta de Pedras,PA,0,-1.39587,-48.8661
1505809,Portel,PA,0,-1.93639,-50.8194
1505908,Porto de Moz,PA,0,-1.74691,-52.2361
1506005,Prainha,PA,0,-1.798,-53.4779
1506104,Primavera,PA,0,-0.945439,-47.1253
1506112,Quatipuru,PA,0,-0.899604,-47.0134
1506138,Redenção,PA,0,-8.02529,-50.0317
1506161,Rio Maria,PA,0,-7.31236,-50.0379
1506187,Rondon do Pará,PA,0,-4.77793,-48.067
1506195,Rurópolis,PA,0,-4.10028,-54.9092
1506203,Salinópolis,PA,0,-0.630815,-47.3465
1506302,Salvaterra,PA,0,-0.758444,-48.5139
1506351,Santa Bárbara do Pará,PA,0,-1.19219,-48.238
1506401,Santa Cruz do Arari,PA,0,-0.661019,-49.1771
1506500,Santa Izabel do Pará,PA,0,-1.29686,-48.1606
1506559,Santa Luzia do Pará,PA,0,-1.52147,-46.9008
1506583,Santa Maria das Barreiras,PA,0,-8.85784,-49.7215
1506609,Santa Maria do Pará,PA,0,-1.35392,-47.5712
1506708,Santana do Araguaia,PA,0,-9.3281,-50.35
1506807,Santarém,PA,0,-2.43849,-54.6996
1506906,Santarém Novo,PA,0,-0.93097,-47.3855
1507003,Santo Antônio do Tauá,PA,0,-1.1522,-48.1314
1507102,São Caetano de Odivelas,PA,0,-0.747293,-48.0246
1507151,São Domingos do Araguaia,PA,0,-5.53732,-48.7366
1507201,São Domingos do Capim,PA,0,-1.68768,-47.7665
1507300,São Félix do Xingu,PA,0,-6.64254,-51.9904
1507409,São Francisco do Pará,PA,0,-1.16963,-47.7917
1507458,São Geraldo do Araguaia,PA,0,-6.39471,-48.5592
1507466,São João da Ponta,PA,0,-0.857885,-47.918
1507474,São João de Pirabas,PA,0,-0.780222,-47.181
1507508,São João do Araguaia,PA,0,-5.36334,-48.7926
1507607,São Miguel do Guamá,PA,0,-1.61307,-47.4784
1507706,São Sebastião da Boa Vista,PA,0,-1.71597,-49.5249
1507755,Sapucaia,PA,0,-6.94018,-49.6834
1507805,Senador José Porfírio,PA,0,-4.31242,-51.5764
1507904,Soure,PA,0,-0.73032,-48.5015
1507953,Tailândia,PA,0,-2.94584,-48.9489
1507961,Terra Alta,PA,0,-1.02963,-47.9004
1507979,Terra Santa,PA,0,-2.10443,-56.4877
1508001,Tomé-Açu,PA,0,-2.41302,-48.1415
1508035,Tracuateua,PA,0,-1.07653,-46.9031
1508050,Trairão,PA,0,-4.57347,-55.9429
1508084,Tucumã,PA,0,-6.74687,-51.1626
1508100,Tucuruí,PA,0,-3.7657,-49.6773
1508126,Ulianópolis,PA,0,-3.75007,-47.4892
1508159,Uruará,PA,0,-3.71519,-53.7396
1508209,Vigia,PA,0,-0.861194,-48.1386
1508308,Viseu,PA,0,-1.19124,-46.1399
1508357,Vitória do Xingu,PA,0,-2.87922,-52.0088
1508407,Xinguara,PA,0,-7.0983,-49.9437
1600055,Serra do Navio,AP,0,0.901357,-52.0036
1600105,Amapá,AP,0,2.05267,-50.7957
1600154,Pedra Branca do Amapari,AP,0,0.777424,-51.9503
1600204,Calçoene,AP,0,2.50475,-50.9512
1600212,Cutias,AP,0,0.970761,-50.8005
1600238,Ferreira Gomes,AP,0,0.857256,-51.1795
1600253,Itaubal,AP,0,0.602185,-50.6996
1600279,Laranjal do Jari,AP,0,-0.804911,-52.453
1600303,Macapá,AP,1,0.034934,-51.0694
1600402,Mazagão,AP,0,-0.11336,-51.2891
1600501,Oiapoque,AP,0,3.84074,-51.8331
1600535,Porto Grande,AP,0,0.71243,-51.4155
1600550,Pracuúba,AP,0,1.74543,-50.7892
1600600,Santana,AP,0,-0.045434,-51.1729
1600709,Tartarugalzinho,AP,0,1.50652,-50.9087
1600808,Vitória do Jari,AP,0,-0.938,-52.424
1700251,Abreulândia,TO,0,-9.62101,-49.1518
1700301,Aguiarnópolis,TO,0,-6.55409,-47.4702
1700350,Aliança do Tocantins,TO,0,-11.3056,-48.9361
1700400,Almas,TO,0,-11.5706,-47.1792
1700707,Alvorada,TO,0,-12.4785,-49.1249
1701002,Ananás,TO,0,-6.36437,-48.0735
1701051,Angico,TO,0,-6.39179,-47.8611
1701101,Aparecida do Rio Negro,TO,0,-9.94139,-47.9638
1701309,Aragominas,TO,0,-7.16005,-48.5291
1701903,Araguacema,TO,0,-8.80755,-49.5569
1702000,Araguaçu,TO,0,-12.9289,-49.8231
1702109,Araguaína,TO,0,-7.19238,-48.2044
1702158,Araguanã,TO,0,-6.58225,-48.6395
1702208,Araguatins,TO,0,-5.64659,-48.1232
1702307,Arapoema,TO,0,-7.65463,-49.0637
1702406,Arraias,TO,0,-12.9287,-46.9359
1702554,Augustinópolis,TO,0,-5.46863,-47.8863
1702703,Aurora do Tocantins,TO,0,-12.7105,-46.4076
1702901,Axixá do Tocantins,TO,0,-5.61275,-47.7701
1703008,Babaçulândia,TO,0,-7.20923,-47.7613
1703057,Bandeirantes do Tocantins,TO,0,-7.75612,-48.5836
1703073,Barra do Ouro,TO,0,-7.69593,-47.6776
1703107,Barrolândia,TO,0,-9.83404,-48.7252
1703206,Bernardo Sayão,TO,0,-7.87481,-48.8893
1703305,Bom Jesus do Tocantins,TO,0,-8.96306,-48.165
1703602,Brasilândia do Tocantins,TO,0,-8.38918,-48.4822
1703701,Brejinho de Nazaré,TO,0,-11.0058,-48.5683
1703800,Buriti do Tocantins,TO,0,-5.31448,-48.2271
1703826,Cachoeirinha,TO,0,-6.1156,-47.9234
1703842,Campos Lindos,TO,0,-7.98956,-46.8645
1703867,Cariri do Tocantins,TO,0,-11.8881,-49.1609
1703883,Carmolândia,TO,0,-7.03262,-48.3978
1703891,Carrasco Bonito,TO,0,-5.31415,-48.0314
1703909,Caseara,TO,0,-9.27612,-49.9521
1704105,Centenário,TO,0,-8.96103,-47.3304
1704600,Chapada de Areia,TO,0,-10.1419,-49.1403
1705102,Chapada da Natividade,TO,0,-11.6175,-47.7486
1705508,Colinas do Tocantins,TO,0,-8.05764,-48.4757
1705557,Combinado,TO,0,-12.7917,-46.5388
1705607,Conceição do Tocantins,TO,0,-12.2209,-47.2951
1706001,Couto Magalhães,TO,0,-8.28411,-49.2473
1706100,Cristalândia,TO,0,-10.5985,-49.1942
1706258,Crixás do Tocantins,TO,0,-11.0994,-48.9152
1706506,Darcinópolis,TO,0,-6.71591,-47.7597
1707009,Dianópolis,TO,0,-11.624,-46.8198
1707108,Divinópolis do Tocantins,TO,0,-9.80018,-49.2169
1707207,Dois Irmãos do Tocantins,TO,0,-9.25534,-49.0638
1707306,Dueré,TO,0,-11.3416,-49.2716
1707405,Esperantina,TO,0,-5.36593,-48.5378
1707553,Fátima,TO,0,-10.7603,-48.9076
1707652,Figueirópolis,TO,0,-12.1312,-49.1748
1707702,Filadélfia,TO,0,-7.33501,-47.4954
1708205,Formoso do Araguaia,TO,0,-11.7976,-49.5316
1708254,Fortaleza do Tabocão,TO,0,-9.05611,-48.5206
1708304,Goianorte,TO,0,-8.77413,-48.9313
1709005,Goiatins,TO,0,-7.71478,-47.3252
1709302,Guaraí,TO,0,-8.83543,-48.5114
1709500,Gurupi,TO,0,-11.7279,-49.068
1709807,Ipueiras,TO,0,-11.2329,-48.46
1710508,Itacajá,TO,0,-8.39293,-47.7726
1710706,Itaguatins,TO,0,-5.77267,-47.4864
1710904,Itapiratins,TO,0,-8.37982,-48.1072
1711100,Itaporã do Tocantins,TO,0,-8.57172,-48.6895
1711506,Jaú do Tocantins,TO,0,-12.6509,-48.589
1711803,Juarina,TO,0,-8.11951,-49.0643
1711902,Lagoa da Confusão,TO,0,-10.7906,-49.6199
1711951,Lagoa do Tocantins,TO,0,-10.368,-47.538
1712009,Lajeado,TO,0,-9.74996,-48.3565
1712157,Lavandeira,TO,0,-12.7847,-46.5099
1712405,Lizarda,TO,0,-9.59002,-46.6738
1712454,Luzinópolis,TO,0,-6.17794,-47.8582
1712504,Marianópolis do Tocantins,TO,0,-9.79377,-49.6553
1712702,Mateiros,TO,0,-10.5464,-46.4168
1712801,Maurilândia do Tocantins,TO,0,-5.95169,-47.5125
1713205,Miracema do Tocantins,TO,0,-9.56556,-48.393
1713304,Miranorte,TO,0,-9.52907,-48.5922
1713601,Monte do Carmo,TO,0,-10.7611,-48.1114
1713700,Monte Santo do Tocantins,TO,0,-10.0075,-48.9941
1713809,Palmeiras do Tocantins,TO,0,-6.61658,-47.5464
1713957,Muricilândia,TO,0,-7.14669,-48.6091
1714203,Natividade,TO,0,-11.7034,-47.7223
1714302,Nazaré,TO,0,-6.37496,-47.6643
1714880,Nova Olinda,TO,0,-7.63171,-48.4252
1715002,Nova Rosalândia,TO,0,-10.5651,-48.9125
1715101,Novo Acordo,TO,0,-9.97063,-47.6785
1715150,Novo Alegre,TO,0,-12.9217,-46.5713
1715259,Novo Jardim,TO,0,-11.826,-46.6325
1715507,Oliveira de Fátima,TO,0,-10.707,-48.9086
1715705,Palmeirante,TO,0,-7.84786,-47.9242
1715754,Palmeirópolis,TO,0,-13.0447,-48.4026
1716109,Paraíso do Tocantins,TO,0,-10.175,-48.8823
1716208,Paranã,TO,0,-12.6167,-47.8734
1716307,Pau D'Arco,TO,0,-7.53919,-49.367
1716505,Pedro Afonso,TO,0,-8.97034,-48.1729
1716604,Peixe,TO,0,-12.0254,-48.5395
1716653,Pequizeiro,TO,0,-8.5932,-48.9327
1716703,Colméia,TO,0,-8.72463,-48.7638
1717008,Pindorama do Tocantins,TO,0,-11.1311,-47.5726
1717206,Piraquê,TO,0,-6.77302,-48.2958
1717503,Pium,TO,0,-10.442,-49.1876
1717800,Ponte Alta do Bom Jesus,TO,0,-12.0853,-46.4825
1717909,Ponte Alta do Tocantins,TO,0,-10.7481,-47.5276
1718006,Porto Alegre do Tocantins,TO,0,-11.618,-47.0621
1718204,Porto Nacional,TO,0,-10.7027,-48.408
1718303,Praia Norte,TO,0,-5.39281,-47.8111
1718402,Presidente Kennedy,TO,0,-8.5406,-48.5062
1718451,Pugmil,TO,0,-10.424,-48.8957
1718501,Recursolândia,TO,0,-8.7227,-47.2421
1718550,Riachinho,TO,0,-6.44005,-48.1371
1718659,Rio da Conceição,TO,0,-11.3949,-46.8847
1718709,Rio dos Bois,TO,0,-9.34425,-48.5245
1718758,Rio Sono,TO,0,-9.35002,-47.888
1718808,Sampaio,TO,0,-5.35423,-47.8782
1718840,Sandolândia,TO,0,-12.538,-49.9242
1718865,Santa Fé do Araguaia,TO,0,-7.15803,-48.7165
1718881,Santa Maria do Tocantins,TO,0,-8.8046,-47.7887
1718899,Santa Rita do Tocantins,TO,0,-10.8617,-48.9161
1718907,Santa Rosa do Tocantins,TO,0,-11.4474,-48.1216
1719004,Santa Tereza do Tocantins,TO,0,-10.2746,-47.8033
1720002,Santa Terezinha do Tocantins,TO,0,-6.44438,-47.6684
1720101,São Bento do Tocantins,TO,0,-6.0258,-47.9012
1720150,São Félix do Tocantins,TO,0,-10.1615,-46.6618
1720200,São Miguel do Tocantins,TO,0,-5.56305,-47.5743
1720259,São Salvador do Tocantins,TO,0,-12.7458,-48.2352
1720309,São Sebastião do Tocantins,TO,0,-5.26131,-48.2021
1720499,São Valério,TO,0,-11.9743,-48.2353
1720655,Silvanópolis,TO,0,-11.1471,-48.1694
1720804,Sítio Novo do Tocantins,TO,0,-5.6012,-47.6381
1720853,Sucupira,TO,0,-11.993,-48.9685
1720903,Taguatinga,TO,0,-12.4026,-46.437
1720937,Taipas do Tocantins,TO,0,-12.1873,-46.9797
1720978,Talismã,TO,0,-12.7949,-49.0896
1721000,Palmas,TO,1,-10.24,-48.3558
1721109,Tocantínia,TO,0,-9.5632,-48.3741
1721208,Tocantinópolis,TO,0,-6.32447,-47.4224
1721257,Tupirama,TO,0,-8.97168,-48.1883
1721307,Tupiratins,TO,0,-8.39388,-48.1277
1722081,Wanderlândia,TO,0,-6.85274,-47.9601
1722107,Xambioá,TO,0,-6.4141,-48.532
2100055,Açailândia,MA,0,-4.94714,-47.5004
2100105,Afonso Cunha,MA,0,-4.13631,-43.3275
2100154,Água Doce do Maranhão,MA,0,-2.84048,-42.1189
2100204,Alcântara,MA,0,-2.39574,-44.4062
2100303,Aldeias Altas,MA,0,-4.62621,-43.4689
2100402,Altamira do Maranhão,MA,0,-4.16598,-45.4706
2100436,Alto Alegre do Maranhão,MA,0,-4.213,-44.446
2100477,Alto Alegre do Pindaré,MA,0,-3.66689,-45.8421
2100501,Alto Parnaíba,MA,0,-9.10273,-45.9303
2100550,Amapá do Maranhão,MA,0,-1.67524,-46.0024
2100600,Amarante do Maranhão,MA,0,-5.56913,-46.7473
2100709,Anajatuba,MA,0,-3.26269,-44.6126
2100808,Anapurus,MA,0,-3.67577,-43.1014
2100832,Apicum-Açu,MA,0,-1.45862,-45.0864
2100873,Araguanã,MA,0,-2.94644,-45.6589
2100907,Araioses,MA,0,-2.89091,-41.905
2100956,Arame,MA,0,-4.88347,-46.0032
2101004,Arari,MA,0,-3.45214,-44.7665
2101103,Axixá,MA,0,-2.83939,-44.062
2101202,Bacabal,MA,0,-4.22447,-44.7832
2101251,Bacabeira,MA,0,-2.96452,-44.3164
2101301,Bacuri,MA,0,-1.6965,-45.1328
2101350,Bacurituba,MA,0,-2.71,-44.7329
2101400,Balsas,MA,0,-7.53214,-46.0372
2101509,Barão de Grajaú,MA,0,-6.74463,-43.0261
2101608,Barra do Corda,MA,0,-5.49682,-45.2485
2101707,Barreirinhas,MA,0,-2.75863,-42.8232
2101731,Belágua,MA,0,-3.15485,-43.5122
2101772,Bela Vista do Maranhão,MA,0,-3.72618,-45.3075
2101806,Benedito Leite,MA,0,-7.21037,-44.5577
2101905,Bequimão,MA,0,-2.44162,-44.7842
2101939,Bernardo do Mearim,MA,0,-4.62666,-44.7608
2101970,Boa Vista do Gurupi,MA,0,-1.77614,-46.3002
2102002,Bom Jardim,MA,0,-3.54129,-45.606
2102036,Bom Jesus das Selvas,MA,0,-4.47638,-46.8641
2102077,Bom Lugar,MA,0,-4.37311,-45.0326
2102101,Brejo,MA,0,-3.67796,-42.7527
2102150,Brejo de Areia,MA,0,-4.334,-45.581
2102200,Buriti,MA,0,-3.94169,-42.9179
2102309,Buriti Bravo,MA,0,-5.83239,-43.8353
2102325,Buriticupu,MA,0,-4.32375,-46.4409
2102358,Buritirana,MA,0,-5.59823,-47.0131
2102374,Cachoeira Grande,MA,0,-2.93074,-44.0528
2102408,Cajapió,MA,0,-2.87326,-44.6741
2102507,Cajari,MA,0,-3.32742,-45.0145
2102556,Campestre do Maranhão,MA,0,-6.17075,-47.3625
2102606,Cândido Mendes,MA,0,-1.43265,-45.7161
2102705,Cantanhede,MA,0,-3.63757,-44.383
2102754,Capinzal do Norte,MA,0,-4.7236,-44.328
2102804,Carolina,MA,0,-7.33584,-47.4634
2102903,Carutapera,MA,0,-1.19696,-46.0085
2103000,Caxias,MA,0,-4.86505,-43.3617
2103109,Cedral,MA,0,-2.00027,-44.5281
2103125,Central do Maranhão,MA,0,-2.19831,-44.8254
2103158,Centro do Guilherme,MA,0,-2.44891,-46.0345
2103174,Centro Novo do Maranhão,MA,0,-2.12696,-46.1228
2103208,Chapadinha,MA,0,-3.73875,-43.3538
2103257,Cidelândia,MA,0,-5.17465,-47.7781
2103307,Codó,MA,0,-4.45562,-43.8924
2103406,Coelho Neto,MA,0,-4.25245,-43.0108
2103505,Colinas,MA,0,-6.03199,-44.2543
2103554,Conceição do Lago-Açu,MA,0,-3.85142,-44.8895
2103604,Coroatá,MA,0,-4.13442,-44.1244
2103703,Cururupu,MA,0,-1.81475,-44.8644
2103752,Davinópolis,MA,0,-5.54637,-47.4217
2103802,Dom Pedro,MA,0,-5.03518,-44.4409
2103901,Duque Bacelar,MA,0,-4.15002,-42.9477
2104008,Esperantinópolis,MA,0,-4.87938,-44.6926
2104057,Estreito,MA,0,-6.56077,-47.4431
2104073,Feira Nova do Maranhão,MA,0,-6.96508,-46.6786
2104081,Fernando Falcão,MA,0,-6.16207,-44.8979
2104099,Formosa da Serra Negra,MA,0,-6.44017,-46.1916
2104107,Fortaleza dos Nogueiras,MA,0,-6.95983,-46.1749
2104206,Fortuna,MA,0,-5.72792,-44.1565
2104305,Godofredo Viana,MA,0,-1.40259,-45.7795
2104404,Gonçalves Dias,MA,0,-5.1475,-44.3013
2104503,Governador Archer,MA,0,-5.02078,-44.2754
2104552,Governador Edison Lobão,MA,0,-5.74973,-47.3646
2104602,Governador Eugênio Barros,MA,0,-5.31897,-44.2469
2104628,Governador Luiz Rocha,MA,0,-5.47835,-44.0774
2104651,Governador Newton Bello,MA,0,-3.43245,-45.6619
2104677,Governador Nunes Freire,MA,0,-2.12899,-45.8777
2104701,Graça Aranha,MA,0,-5.40547,-44.3358
2104800,Grajaú,MA,0,-5.81367,-46.1462
2104909,Guimarães,MA,0,-2.12755,-44.602
2105005,Humberto de Campos,MA,0,-2.59828,-43.4649
2105104,Icatu,MA,0,-2.77206,-44.0501
2105153,Igarapé do Meio,MA,0,-3.65771,-45.2114
2105203,Igarapé Grande,MA,0,-4.6625,-44.8558
2105302,Imperatriz,MA,0,-5.51847,-47.4777
2105351,Itaipava do Grajaú,MA,0,-5.14252,-45.7877
2105401,Itapecuru Mirim,MA,0,-3.40202,-44.3508
2105427,Itinga do Maranhão,MA,0,-4.45293,-47.5235
2105450,Jatobá,MA,0,-5.82282,-44.2153
2105476,Jenipapo dos Vieiras,MA,0,-5.36237,-45.6356
2105500,João Lisboa,MA,0,-5.44363,-47.4064
2105609,Joselândia,MA,0,-4.98611,-44.6958
2105658,Junco do Maranhão,MA,0,-1.83888,-46.09
2105708,Lago da Pedra,MA,0,-4.56974,-45.1319
2105807,Lago do Junco,MA,0,-4.609,-45.049
2105906,Lago Verde,MA,0,-3.94661,-44.826
2105922,Lagoa do Mato,MA,0,-6.05023,-43.5333
2105948,Lago dos Rodrigues,MA,0,-4.61173,-44.9798
2105963,Lagoa Grande do Maranhão,MA,0,-4.98893,-45.3816
2105989,Lajeado Novo,MA,0,-6.18539,-47.0293
2106003,Lima Campos,MA,0,-4.51837,-44.4646
2106102,Loreto,MA,0,-7.08111,-45.1451
2106201,Luís Domingues,MA,0,-1.27492,-45.867
2106300,Magalhães de Almeida,MA,0,-3.39232,-42.2117
2106326,Maracaçumé,MA,0,-2.04918,-45.9587
2106359,Marajá do Sena,MA,0,-4.62806,-45.4531
2106375,Maranhãozinho,MA,0,-2.24078,-45.8507
2106409,Mata Roma,MA,0,-3.62035,-43.1112
2106508,Matinha,MA,0,-3.09849,-45.035
2106607,Matões,MA,0,-5.51359,-43.2018
2106631,Matões do Norte,MA,0,-3.6244,-44.5468
2106672,Milagres do Maranhão,MA,0,-3.57443,-42.6131
2106706,Mirador,MA,0,-6.37454,-44.3683
2106755,Miranda do Norte,MA,0,-3.56313,-44.5814
2106805,Mirinzal,MA,0,-2.07094,-44.7787
2106904,Monção,MA,0,-3.48125,-45.2496
2107001,Montes Altos,MA,0,-5.83067,-47.0673
2107100,Morros,MA,0,-2.85379,-44.0357
2107209,Nina Rodrigues,MA,0,-3.46788,-43.9134
2107258,Nova Colinas,MA,0,-7.12263,-46.2607
2107308,Nova Iorque,MA,0,-6.73047,-44.0471
2107357,Nova Olinda do Maranhão,MA,0,-2.84227,-45.6953
2107407,Olho d'Água das Cunhãs,MA,0,-4.13417,-45.1163
2107456,Olinda Nova do Maranhão,MA,0,-2.99295,-44.9897
2107506,Paço do Lumiar,MA,0,-2.51657,-44.1019
2107605,Palmeirândia,MA,0,-2.64433,-44.8933
2107704,Paraibano,MA,0,-6.4264,-43.9792
2107803,Parnarama,MA,0,-5.67365,-43.1011
2107902,Passagem Franca,MA,0,-6.17745,-43.7755
2108009,Pastos Bons,MA,0,-6.60296,-44.0745
2108058,Paulino Neves,MA,0,-2.72094,-42.5258
2108108,Paulo Ramos,MA,0,-4.44485,-45.2398
2108207,Pedreiras,MA,0,-4.56482,-44.6006
2108256,Pedro do Rosário,MA,0,-2.97272,-45.3493
2108306,Penalva,MA,0,-3.27674,-45.1768
2108405,Peri Mirim,MA,0,-2.57676,-44.8504
2108454,Peritoró,MA,0,-4.37459,-44.3369
2108504,Pindaré-Mirim,MA,0,-3.60985,-45.342
2108603,Pinheiro,MA,0,-2.52224,-45.0788
2108702,Pio XII,MA,0,-3.89315,-45.1759
2108801,Pirapemas,MA,0,-3.72041,-44.2216
2108900,Poção de Pedras,MA,0,-4.74626,-44.9432
2109007,Porto Franco,MA,0,-6.34149,-47.3962
2109056,Porto Rico do Maranhão,MA,0,-1.85925,-44.5842
2109106,Presidente Dutra,MA,0,-5.2898,-44.495
2109205,Presidente Juscelino,MA,0,-2.91872,-44.0715
2109239,Presidente Médici,MA,0,-2.38991,-45.82
2109270,Presidente Sarney,MA,0,-2.58799,-45.3595
2109304,Presidente Vargas,MA,0,-3.40787,-44.0234
2109403,Primeira Cruz,MA,0,-2.50568,-43.4232
2109452,Raposa,MA,0,-2.4254,-44.0973
2109502,Riachão,MA,0,-7.35819,-46.6225
2109551,Ribamar Fiquene,MA,0,-5.93067,-47.3888
2109601,Rosário,MA,0,-2.93444,-44.2531
2109700,Sambaíba,MA,0,-7.13447,-45.3515
2109759,Santa Filomena do Maranhão,MA,0,-5.49671,-44.5638
2109809,Santa Helena,MA,0,-2.24426,-45.29
2109908,Santa Inês,MA,0,-3.65112,-45.3774
2110005,Santa Luzia,MA,0,-4.06873,-45.69
2110039,Santa Luzia do Paruá,MA,0,-2.51123,-45.7801
2110104,Santa Quitéria do Maranhão,MA,0,-3.49308,-42.5688
2110203,Santa Rita,MA,0,-3.14241,-44.3211
2110237,Santana do Maranhão,MA,0,-3.109,-42.4064
2110278,Santo Amaro do Maranhão,MA,0,-2.50068,-43.238
2110302,Santo Antônio dos Lopes,MA,0,-4.86613,-44.3653
2110401,São Benedito do Rio Preto,MA,0,-3.33515,-43.5287
2110500,São Bento,MA,0,-2.69781,-44.8289
2110609,São Bernardo,MA,0,-3.37223,-42.4191
2110658,São Domingos do Azeitão,MA,0,-6.81471,-44.6509
2110708,São Domingos do Maranhão,MA,0,-5.58095,-44.3822
2110807,São Félix de Balsas,MA,0,-7.07535,-44.8092
2110856,São Francisco do Brejão,MA,0,-5.12584,-47.389
2110906,São Francisco do Maranhão,MA,0,-6.25159,-42.8668
2111003,São João Batista,MA,0,-2.95398,-44.7953
2111029,São João do Carú,MA,0,-3.5503,-46.2507
2111052,São João do Paraíso,MA,0,-6.45634,-47.0594
2111078,São João do Soter,MA,0,-5.10821,-43.8163
2111102,São João dos Patos,MA,0,-6.4934,-43.7036
2111201,São José de Ribamar,MA,0,-2.54704,-44.0597
2111250,São José dos Basílios,MA,0,-5.05493,-44.5809
2111300,São Luís,MA,1,-2.53874,-44.2825
2111409,São Luís Gonzaga do Maranhão,MA,0,-4.38541,-44.6654
2111508,São Mateus do Maranhão,MA,0,-4.03736,-44.4707
2111532,São Pedro da Água Branca,MA,0,-5.08472,-48.4291
2111573,São Pedro dos Crentes,MA,0,-6.82389,-46.5319
2111607,São Raimundo das Mangabeiras,MA,0,-7.02183,-45.4809
2111631,São Raimundo do Doca Bezerra,MA,0,-5.11053,-45.0696
2111672,São Roberto,MA,0,-5.0231,-45.001
2111706,São Vicente Ferrer,MA,0,-2.89487,-44.8681
2111722,Satubinha,MA,0,-4.04913,-45.2457
2111748,Senador Alexandre Costa,MA,0,-5.25096,-44.0533
2111763,Senador La Rocque,MA,0,-5.4461,-47.2959
2111789,Serrano do Maranhão,MA,0,-1.85229,-45.1207
2111805,Sítio Novo,MA,0,-5.87601,-46.7033
2111904,Sucupira do Norte,MA,0,-6.47839,-44.1919
2111953,Sucupira do Riachão,MA,0,-6.40858,-43.5455
2112001,Tasso Fragoso,MA,0,-8.4662,-45.7536
2112100,Timbiras,MA,0,-4.25597,-43.932
2112209,Timon,MA,0,-5.09769,-42.8329
2112233,Trizidela do Vale,MA,0,-4.538,-44.628
2112274,Tufilândia,MA,0,-3.67355,-45.6238
2112308,Tuntum,MA,0,-5.25476,-44.6444
2112407,Turiaçu,MA,0,-1.65893,-45.3798
2112456,Turilândia,MA,0,-2.21638,-45.3044
2112506,Tutóia,MA,0,-2.76141,-42.2755
2112605,Urbano Santos,MA,0,-3.20642,-43.3878
2112704,Vargem Grande,MA,0,-3.53639,-43.917
2112803,Viana,MA,0,-3.20451,-44.9912
2112852,Vila Nova dos Martírios,MA,0,-5.18889,-48.1336
2112902,Vitória do Mearim,MA,0,-3.45125,-44.8643
2113009,Vitorino Freire,MA,0,-4.28184,-45.2505
2114007,Zé Doca,MA,0,-3.27014,-45.6553
2200053,Acauã,PI,0,-8.21954,-41.0831
2200103,Agricolândia,PI,0,-5.79676,-42.6664
2200202,Água Branca,PI,0,-5.88856,-42.637
2200251,Alagoinha do Piauí,PI,0,-7.00039,-40.9282
2200277,Alegrete do Piauí,PI,0,-7.24196,-40.8566
2200301,Alto Longá,PI,0,-5.25634,-42.2096
2200400,Altos,PI,0,-5.03888,-42.4612
2200459,Alvorada do Gurguéia,PI,0,-8.42418,-43.777
2200509,Amarante,PI,0,-6.24304,-42.8433
2200608,Angical do Piauí,PI,0,-6.08786,-42.74
2200707,Anísio de Abreu,PI,0,-9.18564,-43.0494
2200806,Antônio Almeida,PI,0,-7.21276,-44.1889
2200905,Aroazes,PI,0,-6.11022,-41.7822
2200954,Aroeiras do Itaim,PI,0,-7.24502,-41.5325
2201002,Arraial,PI,0,-6.65075,-42.5418
2201051,Assunção do Piauí,PI,0,-5.865,-41.0389
2201101,Avelino Lopes,PI,0,-10.1345,-43.9563
2201150,Baixa Grande do Ribeiro,PI,0,-7.84903,-45.219
2201176,Barra D'Alcântara,PI,0,-6.51645,-42.1146
2201200,Barras,PI,0,-4.24468,-42.2922
2201309,Barreiras do Piauí,PI,0,-9.9296,-45.4702
2201408,Barro Duro,PI,0,-5.81673,-42.5147
2201507,Batalha,PI,0,-4.0223,-42.0787
2201556,Bela Vista do Piauí,PI,0,-7.98809,-41.8675
2201572,Belém do Piauí,PI,0,-7.36652,-40.9688
2201606,Beneditinos,PI,0,-5.45676,-42.3638
2201705,Bertolínia,PI,0,-7.63338,-43.9498
2201739,Betânia do Piauí,PI,0,-8.14376,-40.7989
2201770,Boa Hora,PI,0,-4.41404,-42.1357
2201804,Bocaina,PI,0,-6.94124,-41.3168
2201903,Bom Jesus,PI,0,-9.07124,-44.359
2201919,Bom Princípio do Piauí,PI,0,-3.19631,-41.6403
2201929,Bonfim do Piauí,PI,0,-9.1605,-42.8865
2201945,Boqueirão do Piauí,PI,0,-4.48181,-42.1212
2201960,Brasileira,PI,0,-4.1337,-41.7859
2201988,Brejo do Piauí,PI,0,-8.20314,-42.8229
2202000,Buriti dos Lopes,PI,0,-3.18259,-41.8695
2202026,Buriti dos Montes,PI,0,-5.30584,-41.0933
2202059,Cabeceiras do Piauí,PI,0,-4.4773,-42.3069
2202075,Cajazeiras do Piauí,PI,0,-6.79667,-42.3903
2202083,Cajueiro da Praia,PI,0,-2.93111,-41.3408
2202091,Caldeirão Grande do Piauí,PI,0,-7.3314,-40.6366
2202109,Campinas do Piauí,PI,0,-7.6593,-41.8775
2202117,Campo Alegre do Fidalgo,PI,0,-8.38236,-41.8344
2202133,Campo Grande do Piauí,PI,0,-7.12827,-41.0315
2202174,Campo Largo do Piauí,PI,0,-3.80441,-42.64
2202208,Campo Maior,PI,0,-4.8217,-42.1641
2202251,Canavieira,PI,0,-7.68821,-43.7233
2202307,Canto do Buriti,PI,0,-8.1111,-42.9517
2202406,Capitão de Campos,PI,0,-4.457,-41.944
2202455,Capitão Gervásio Oliveira,PI,0,-8.49655,-41.814
2202505,Caracol,PI,0,-9.27933,-43.329
2202539,Caraúbas do Piauí,PI,0,-3.47525,-41.8425
2202554,Caridade do Piauí,PI,0,-7.73435,-40.9848
2202604,Castelo do Piauí,PI,0,-5.31869,-41.5499
2202653,Caxingó,PI,0,-3.41904,-41.8955
2202703,Cocal,PI,0,-3.47279,-41.5546
2202711,Cocal de Telha,PI,0,-4.5571,-41.9587
2202729,Cocal dos Alves,PI,0,-3.62047,-41.4402
2202737,Coivaras,PI,0,-5.09224,-42.208
2202752,Colônia do Gurguéia,PI,0,-8.1837,-43.794
2202778,Colônia do Piauí,PI,0,-7.22651,-42.1756
2202802,Conceição do Canindé,PI,0,-7.87638,-41.5942
2202851,Coronel José Dias,PI,0,-8.81397,-42.5232
2202901,Corrente,PI,0,-10.4333,-45.1633
2203008,Cristalândia do Piauí,PI,0,-10.6443,-45.1893
2203107,Cristino Castro,PI,0,-8.82273,-44.223
2203206,Curimatá,PI,0,-10.0326,-44.3002
2203230,Currais,PI,0,-9.01175,-44.4062
2203255,Curralinhos,PI,0,-5.60825,-42.8376
2203271,Curral Novo do Piauí,PI,0,-7.8313,-40.8957
2203305,Demerval Lobão,PI,0,-5.35875,-42.6776
2203354,Dirceu Arcoverde,PI,0,-9.33939,-42.4348
2203404,Dom Expedito Lopes,PI,0,-6.95332,-41.6396
2203420,Domingos Mourão,PI,0,-4.2495,-41.2683
2203453,Dom Inocêncio,PI,0,-9.00516,-41.9697
2203503,Elesbão Veloso,PI,0,-6.19947,-42.1355
2203602,Eliseu Martins,PI,0,-8.09629,-43.6705
2203701,Esperantina,PI,0,-3.88863,-42.2324
2203750,Fartura do Piauí,PI,0,-9.48342,-42.7912
2203800,Flores do Piauí,PI,0,-7.78793,-42.918
2203859,Floresta do Piauí,PI,0,-7.46682,-41.7883
2203909,Floriano,PI,0,-6.77182,-43.0241
2204006,Francinópolis,PI,0,-6.39334,-42.2591
2204105,Francisco Ayres,PI,0,-6.62606,-42.6881
2204154,Francisco Macedo,PI,0,-7.331,-40.788
2204204,Francisco Santos,PI,0,-6.99491,-41.1288
2204303,Fronteiras,PI,0,-7.08173,-40.6146
2204352,Geminiano,PI,0,-7.15476,-41.3409
2204402,Gilbués,PI,0,-9.83001,-45.3423
2204501,Guadalupe,PI,0,-6.78285,-43.5594
2204550,Guaribas,PI,0,-9.38647,-43.6943
2204600,Hugo Napoleão,PI,0,-5.9886,-42.5598
2204659,Ilha Grande,PI,0,-2.85774,-41.8186
2204709,Inhuma,PI,0,-6.665,-41.7041
2204808,Ipiranga do Piauí,PI,0,-6.82421,-41.7381
2204907,Isaías Coelho,PI,0,-7.73597,-41.6735
2205003,Itainópolis,PI,0,-7.44336,-41.4687
2205102,Itaueira,PI,0,-7.59989,-43.0249
2205151,Jacobina do Piauí,PI,0,-7.93063,-41.2075
2205201,Jaicós,PI,0,-7.36229,-41.1371
2205250,Jardim do Mulato,PI,0,-6.099,-42.63
2205276,Jatobá do Piauí,PI,0,-4.77025,-41.817
2205300,Jerumenha,PI,0,-7.09128,-43.5033
2205359,João Costa,PI,0,-8.50736,-42.4264
2205409,Joaquim Pires,PI,0,-3.50164,-42.1865
2205458,Joca Marques,PI,0,-3.4804,-42.4255
2205508,José de Freitas,PI,0,-4.75146,-42.5746
2205516,Juazeiro do Piauí,PI,0,-5.17459,-41.6976
2205524,Júlio Borges,PI,0,-10.3225,-44.2381
2205532,Jurema,PI,0,-9.21992,-43.1337
2205540,Lagoinha do Piauí,PI,0,-5.83074,-42.6223
2205557,Lagoa Alegre,PI,0,-4.51539,-42.6309
2205565,Lagoa do Barro do Piauí,PI,0,-8.47673,-41.5342
2205573,Lagoa de São Francisco,PI,0,-4.38505,-41.5969
2205581,Lagoa do Piauí,PI,0,-5.41864,-42.6437
2205599,Lagoa do Sítio,PI,0,-6.50766,-41.5653
2205607,Landri Sales,PI,0,-7.25922,-43.9364
2205706,Luís Correia,PI,0,-2.88438,-41.6641
2205805,Luzilândia,PI,0,-3.4683,-42.3718
2205854,Madeiro,PI,0,-3.48624,-42.4981
2205904,Manoel Emídio,PI,0,-8.01234,-43.8755
2205953,Marcolândia,PI,0,-7.44169,-40.6602
2206001,Marcos Parente,PI,0,-7.11565,-43.8926
2206050,Massapê do Piauí,PI,0,-7.47469,-41.1103
2206100,Matias Olímpio,PI,0,-3.71492,-42.5507
2206209,Miguel Alves,PI,0,-4.16857,-42.8963
2206308,Miguel Leão,PI,0,-5.68077,-42.7436
2206357,Milton Brandão,PI,0,-4.68295,-41.4173
2206407,Monsenhor Gil,PI,0,-5.562,-42.6075
2206506,Monsenhor Hipólito,PI,0,-6.99275,-41.026
2206605,Monte Alegre do Piauí,PI,0,-9.75364,-45.3037
2206654,Morro Cabeça no Tempo,PI,0,-9.71891,-43.9072
2206670,Morro do Chapéu do Piauí,PI,0,-3.73337,-42.3024
2206696,Murici dos Portelas,PI,0,-3.319,-42.094
2206704,Nazaré do Piauí,PI,0,-6.97023,-42.6773
2206720,Nazária,PI,0,-5.35128,-42.8153
2206753,Nossa Senhora de Nazaré,PI,0,-4.63019,-42.173
2206803,Nossa Senhora dos Remédios,PI,0,-3.97574,-42.6184
2206902,Novo Oriente do Piauí,PI,0,-6.44901,-41.9261
2206951,Novo Santo Antônio,PI,0,-5.28749,-41.9325
2207009,Oeiras,PI,0,-7.01915,-42.1283
2207108,Olho D'Água do Piauí,PI,0,-5.84125,-42.5594
2207207,Padre Marcos,PI,0,-7.35101,-40.8997
2207306,Paes Landim,PI,0,-7.77375,-42.2474
2207355,Pajeú do Piauí,PI,0,-7.85508,-42.8248
2207405,Palmeira do Piauí,PI,0,-8.73076,-44.2466
2207504,Palmeirais,PI,0,-5.97086,-43.056
2207553,Paquetá,PI,0,-7.10303,-41.7
2207603,Parnaguá,PI,0,-10.2166,-44.63
2207702,Parnaíba,PI,0,-2.90585,-41.7754
2207751,Passagem Franca do Piauí,PI,0,-5.86036,-42.4436
2207777,Patos do Piauí,PI,0,-7.67231,-41.2408
2207793,Pau D'Arco do Piauí,PI,0,-5.26072,-42.3908
2207801,Paulistana,PI,0,-8.13436,-41.1431
2207850,Pavussu,PI,0,-7.96059,-43.2284
2207900,Pedro II,PI,0,-4.42585,-41.4482
2207934,Pedro Laurentino,PI,0,-8.06807,-42.2847
2207959,Nova Santa Rita,PI,0,-8.09707,-42.0471
2208007,Picos,PI,0,-7.07721,-41.467
2208106,Pimenteiras,PI,0,-6.23839,-41.4113
2208205,Pio IX,PI,0,-6.83002,-40.6083
2208304,Piracuruca,PI,0,-3.93335,-41.7088
2208403,Piripiri,PI,0,-4.27157,-41.7716
2208502,Porto,PI,0,-3.88815,-42.6998
2208551,Porto Alegre do Piauí,PI,0,-6.96423,-44.1837
2208601,Prata do Piauí,PI,0,-5.67265,-42.2046
2208650,Queimada Nova,PI,0,-8.57064,-41.4106
2208700,Redenção do Gurguéia,PI,0,-9.47937,-44.5811
2208809,Regeneração,PI,0,-6.23115,-42.6842
2208858,Riacho Frio,PI,0,-10.1244,-44.9503
2208874,Ribeira do Piauí,PI,0,-7.69028,-42.7128
2208908,Ribeiro Gonçalves,PI,0,-7.55651,-45.2447
2209005,Rio Grande do Piauí,PI,0,-7.78029,-43.1369
2209104,Santa Cruz do Piauí,PI,0,-7.1785,-41.7609
2209153,Santa Cruz dos Milagres,PI,0,-5.80581,-41.9506
2209203,Santa Filomena,PI,0,-9.11228,-45.9116
2209302,Santa Luz,PI,0,-8.9488,-44.1296
2209351,Santana do Piauí,PI,0,-6.94696,-41.5178
2209377,Santa Rosa do Piauí,PI,0,-6.79581,-42.2814
2209401,Santo Antônio de Lisboa,PI,0,-6.98676,-41.2252
2209450,Santo Antônio dos Milagres,PI,0,-6.04647,-42.7123
2209500,Santo Inácio do Piauí,PI,0,-7.42072,-41.9063
2209559,São Braz do Piauí,PI,0,-9.05797,-43.0076
2209609,São Félix do Piauí,PI,0,-5.93485,-42.1172
2209658,São Francisco de Assis do Piauí,PI,0,-8.23599,-41.6873
2209708,São Francisco do Piauí,PI,0,-7.2463,-42.541
2209757,São Gonçalo do Gurguéia,PI,0,-10.0319,-45.3092
2209807,São Gonçalo do Piauí,PI,0,-5.99393,-42.7095
2209856,São João da Canabrava,PI,0,-6.81203,-41.3415
2209872,São João da Fronteira,PI,0,-3.95497,-41.2569
2209906,São João da Serra,PI,0,-5.51081,-41.8923
2209955,São João da Varjota,PI,0,-6.94082,-41.8889
2209971,São João do Arraial,PI,0,-3.8186,-42.4459
2210003,São João do Piauí,PI,0,-8.35466,-42.2559
2210052,São José do Divino,PI,0,-3.81411,-41.8308
2210102,São José do Peixe,PI,0,-7.48554,-42.5672
2210201,São José do Piauí,PI,0,-6.87194,-41.4731
2210300,São Julião,PI,0,-7.08391,-40.8246
2210359,São Lourenço do Piauí,PI,0,-9.16463,-42.5496
2210375,São Luis do Piauí,PI,0,-6.81936,-41.3175
2210383,São Miguel da Baixa Grande,PI,0,-5.85646,-42.1934
2210391,São Miguel do Fidalgo,PI,0,-7.59713,-42.3676
2210409,São Miguel do Tapuio,PI,0,-5.49729,-41.3165
2210508,São Pedro do Piauí,PI,0,-5.92078,-42.7192
2210607,São Raimundo Nonato,PI,0,-9.01241,-42.6987
2210623,Sebastião Barros,PI,0,-10.817,-44.8337
2210631,Sebastião Leal,PI,0,-7.56803,-44.06
2210656,Sigefredo Pacheco,PI,0,-4.91665,-41.7311
2210706,Simões,PI,0,-7.59109,-40.8137
2210805,Simplício Mendes,PI,0,-7.85294,-41.9075
2210904,Socorro do Piauí,PI,0,-7.86773,-42.4922
2210938,Sussuapara,PI,0,-7.03687,-41.3767
2210953,Tamboril do Piauí,PI,0,-8.40937,-42.9211
2210979,Tanque do Piauí,PI,0,-6.59787,-42.2795
2211001,Teresina,PI,1,-5.09194,-42.8034
2211100,União,PI,0,-4.58571,-42.8583
2211209,Uruçuí,PI,0,-7.23944,-44.5577
2211308,Valença do Piauí,PI,0,-6.40301,-41.7375
2211357,Várzea Branca,PI,0,-9.238,-42.9692
2211407,Várzea Grande,PI,0,-6.54899,-42.248
2211506,Vera Mendes,PI,0,-7.59748,-41.4673
2211605,Vila Nova do Piauí,PI,0,-7.13272,-40.9345
2211704,Wall Ferraz,PI,0,-7.23151,-41.905
2300101,Abaiara,CE,0,-7.34588,-39.0416
2300150,Acarape,CE,0,-4.22083,-38.7055
2300200,Acaraú,CE,0,-2.88769,-40.1183
2300309,Acopiara,CE,0,-6.08911,-39.448
2300408,Aiuaba,CE,0,-6.57122,-40.1178
2300507,Alcântaras,CE,0,-3.58537,-40.5479
2300606,Altaneira,CE,0,-6.99837,-39.7356
2300705,Alto Santo,CE,0,-5.50894,-38.2743
2300754,Amontada,CE,0,-3.36017,-39.8288
2300804,Antonina do Norte,CE,0,-6.76919,-39.987
2300903,Apuiarés,CE,0,-3.94506,-39.4359
2301000,Aquiraz,CE,0,-3.89929,-38.3896
2301109,Aracati,CE,0,-4.55826,-37.7679
2301208,Aracoiaba,CE,0,-4.36872,-38.8125
2301257,Ararendá,CE,0,-4.74567,-40.831
2301307,Araripe,CE,0,-7.21319,-40.1359
2301406,Aratuba,CE,0,-4.41229,-39.0471
2301505,Arneiroz,CE,0,-6.3165,-40.1653
2301604,Assaré,CE,0,-6.8669,-39.8689
2301703,Aurora,CE,0,-6.93349,-38.9742
2301802,Baixio,CE,0,-6.71945,-38.7134
2301851,Banabuiú,CE,0,-5.30454,-38.9132
2301901,Barbalha,CE,0,-7.2982,-39.3021
2301950,Barreira,CE,0,-4.28921,-38.6429
2302008,Barro,CE,0,-7.17188,-38.7741
2302057,Barroquinha,CE,0,-3.02051,-41.1358
2302107,Baturité,CE,0,-4.32598,-38.8812
2302206,Beberibe,CE,0,-4.17741,-38.1271
2302305,Bela Cruz,CE,0,-3.04996,-40.1671
2302404,Boa Viagem,CE,0,-5.11258,-39.7337
2302503,Brejo Santo,CE,0,-7.48469,-38.9799
2302602,Camocim,CE,0,-2.9005,-40.8544
2302701,Campos Sales,CE,0,-7.06761,-40.3687
2302800,Canindé,CE,0,-4.35162,-39.3155
2302909,Capistrano,CE,0,-4.45569,-38.9048
2303006,Caridade,CE,0,-4.22514,-39.1912
2303105,Cariré,CE,0,-3.94858,-40.476
2303204,Caririaçu,CE,0,-7.02808,-39.2828
2303303,Cariús,CE,0,-6.52428,-39.4916
2303402,Carnaubal,CE,0,-4.15985,-40.9413
2303501,Cascavel,CE,0,-4.12967,-38.2412
2303600,Catarina,CE,0,-6.12291,-39.8736
2303659,Catunda,CE,0,-4.64336,-40.2
2303709,Caucaia,CE,0,-3.72797,-38.6619
2303808,Cedro,CE,0,-6.60034,-39.0609
2303907,Chaval,CE,0,-3.03571,-41.2435
2303931,Choró,CE,0,-4.83906,-39.1344
2303956,Chorozinho,CE,0,-4.28873,-38.4986
2304004,Coreaú,CE,0,-3.5415,-40.6587
2304103,Crateús,CE,0,-5.16768,-40.6536
2304202,Crato,CE,0,-7.2153,-39.4103
2304236,Croatá,CE,0,-4.40481,-40.9022
2304251,Cruz,CE,0,-2.91813,-40.176
2304269,Deputado Irapuan Pinheiro,CE,0,-5.91485,-39.257
2304277,Ererê,CE,0,-6.02751,-38.3461
2304285,Eusébio,CE,0,-3.8925,-38.4559
2304301,Farias Brito,CE,0,-6.92146,-39.5651
2304350,Forquilha,CE,0,-3.79945,-40.2634
2304400,Fortaleza,CE,1,-3.71664,-38.5423
2304459,Fortim,CE,0,-4.45126,-37.7981
2304509,Frecheirinha,CE,0,-3.75557,-40.818
2304608,General Sampaio,CE,0,-4.04351,-39.454
2304657,Graça,CE,0,-4.04422,-40.749
2304707,Granja,CE,0,-3.12788,-40.8372
2304806,Granjeiro,CE,0,-6.88134,-39.2144
2304905,Groaíras,CE,0,-3.91787,-40.3852
2304954,Guaiúba,CE,0,-4.04057,-38.6404
2305001,Guaraciaba do Norte,CE,0,-4.15814,-40.7476
2305100,Guaramiranga,CE,0,-4.26248,-38.932
2305209,Hidrolândia,CE,0,-4.40958,-40.4056
2305233,Horizonte,CE,0,-4.1209,-38.4707
2305266,Ibaretama,CE,0,-4.80376,-38.7501
2305308,Ibiapina,CE,0,-3.92403,-40.8911
2305332,Ibicuitinga,CE,0,-4.96999,-38.6362
2305357,Icapuí,CE,0,-4.71206,-37.3531
2305407,Icó,CE,0,-6.39627,-38.8554
2305506,Iguatu,CE,0,-6.36281,-39.2892
2305605,Independência,CE,0,-5.38789,-40.3085
2305654,Ipaporanga,CE,0,-4.89764,-40.7537
2305704,Ipaumirim,CE,0,-6.78265,-38.7179
2305803,Ipu,CE,0,-4.31748,-40.7059
2305902,Ipueiras,CE,0,-4.53802,-40.7118
2306009,Iracema,CE,0,-5.8124,-38.2919
2306108,Irauçuba,CE,0,-3.74737,-39.7843
2306207,Itaiçaba,CE,0,-4.67146,-37.833
2306256,Itaitinga,CE,0,-3.96577,-38.5298
2306306,Itapajé,CE,0,-3.68314,-39.5855
2306405,Itapipoca,CE,0,-3.49933,-39.5836
2306504,Itapiúna,CE,0,-4.55516,-38.9281
2306553,Itarema,CE,0,-2.9248,-39.9167
2306603,Itatira,CE,0,-4.52608,-39.6202
2306702,Jaguaretama,CE,0,-5.6051,-38.7639
2306801,Jaguaribara,CE,0,-5.67765,-38.5359
2306900,Jaguaribe,CE,0,-5.90213,-38.6227
2307007,Jaguaruana,CE,0,-4.83151,-37.781
2307106,Jardim,CE,0,-7.57599,-39.2826
2307205,Jati,CE,0,-7.6797,-39.0029
2307254,Jijoca de Jericoacoara,CE,0,-2.79331,-40.5127
2307304,Juazeiro do Norte,CE,0,-7.19621,-39.3076
2307403,Jucás,CE,0,-6.51523,-39.5187
2307502,Lavras da Mangabeira,CE,0,-6.7448,-38.9706
2307601,Limoeiro do Norte,CE,0,-5.14392,-38.0847
2307635,Madalena,CE,0,-4.84601,-39.5725
2307650,Maracanaú,CE,0,-3.86699,-38.6259
2307700,Maranguape,CE,0,-3.89143,-38.6829
2307809,Marco,CE,0,-3.1285,-40.1582
2307908,Martinópole,CE,0,-3.2252,-40.6896
2308005,Massapê,CE,0,-3.52364,-40.3423
2308104,Mauriti,CE,0,-7.38597,-38.7708
2308203,Meruoca,CE,0,-3.53974,-40.4531
2308302,Milagres,CE,0,-7.29749,-38.9378
2308351,Milhã,CE,0,-5.67252,-39.1875
2308377,Miraíma,CE,0,-3.56867,-39.9663
2308401,Missão Velha,CE,0,-7.23522,-39.143
2308500,Mombaça,CE,0,-5.73844,-39.63
2308609,Monsenhor Tabosa,CE,0,-4.79102,-40.0646
2308708,Morada Nova,CE,0,-5.09736,-38.3702
2308807,Moraújo,CE,0,-3.46311,-40.6776
2308906,Morrinhos,CE,0,-3.23426,-40.1233
2309003,Mucambo,CE,0,-3.90271,-40.7452
2309102,Mulungu,CE,0,-4.30294,-38.9951
2309201,Nova Olinda,CE,0,-7.08415,-39.6713
2309300,Nova Russas,CE,0,-4.70581,-40.5621
2309409,Novo Oriente,CE,0,-5.52552,-40.7713
2309458,Ocara,CE,0,-4.48523,-38.5933
2309508,Orós,CE,0,-6.25182,-38.9053
2309607,Pacajus,CE,0,-4.17107,-38.465
2309706,Pacatuba,CE,0,-3.9784,-38.6183
2309805,Pacoti,CE,0,-4.22492,-38.922
2309904,Pacujá,CE,0,-3.98327,-40.6989
2310001,Palhano,CE,0,-4.73672,-37.9655
2310100,Palmácia,CE,0,-4.13831,-38.8446
2310209,Paracuru,CE,0,-3.41436,-39.03
2310258,Paraipaba,CE,0,-3.43799,-39.1479
2310308,Parambu,CE,0,-6.20768,-40.6905
2310407,Paramoti,CE,0,-4.08815,-39.2417
2310506,Pedra Branca,CE,0,-5.45341,-39.7078
2310605,Penaforte,CE,0,-7.82163,-39.0707
2310704,Pentecoste,CE,0,-3.79274,-39.2692
2310803,Pereiro,CE,0,-6.03576,-38.4624
2310852,Pindoretama,CE,0,-4.01584,-38.3061
2310902,Piquet Carneiro,CE,0,-5.80025,-39.417
2310951,Pires Ferreira,CE,0,-4.23922,-40.6442
2311009,Poranga,CE,0,-4.74672,-40.9205
2311108,Porteiras,CE,0,-7.52265,-39.114
2311207,Potengi,CE,0,-7.09154,-40.0233
2311231,Potiretama,CE,0,-5.71287,-38.1578
2311264,Quiterianópolis,CE,0,-5.8425,-40.7002
2311306,Quixadá,CE,0,-4.9663,-39.0155
2311355,Quixelô,CE,0,-6.24637,-39.2011
2311405,Quixeramobim,CE,0,-5.19067,-39.2889
2311504,Quixeré,CE,0,-5.07148,-37.9802
2311603,Redenção,CE,0,-4.21587,-38.7277
2311702,Reriutaba,CE,0,-4.14191,-40.5759
2311801,Russas,CE,0,-4.92673,-37.9721
2311900,Saboeiro,CE,0,-6.5346,-39.9017
2311959,Salitre,CE,0,-7.28398,-40.45
2312007,Santana do Acaraú,CE,0,-3.46144,-40.2118
2312106,Santana do Cariri,CE,0,-7.17613,-39.7302
2312205,Santa Quitéria,CE,0,-4.32608,-40.1523
2312304,São Benedito,CE,0,-4.04713,-40.8596
2312403,São Gonçalo do Amarante,CE,0,-3.60515,-38.9726
2312502,São João do Jaguaribe,CE,0,-5.27516,-38.2694
2312601,São Luís do Curu,CE,0,-3.66976,-39.2391
2312700,Senador Pompeu,CE,0,-5.58244,-39.3704
2312809,Senador Sá,CE,0,-3.35305,-40.4662
2312908,Sobral,CE,0,-3.68913,-40.3482
2313005,Solonópole,CE,0,-5.71894,-39.0107
2313104,Tabuleiro do Norte,CE,0,-5.24353,-38.1282
2313203,Tamboril,CE,0,-4.83136,-40.3196
2313252,Tarrafas,CE,0,-6.67838,-39.753
2313302,Tauá,CE,0,-5.98585,-40.2968
2313351,Tejuçuoca,CE,0,-3.98831,-39.5799
2313401,Tianguá,CE,0,-3.72965,-40.9923
2313500,Trairi,CE,0,-3.26932,-39.2681
2313559,Tururu,CE,0,-3.58413,-39.4297
2313609,Ubajara,CE,0,-3.85448,-40.9204
2313708,Umari,CE,0,-6.63893,-38.7008
2313757,Umirim,CE,0,-3.67654,-39.3465
2313807,Uruburetama,CE,0,-3.62316,-39.5107
2313906,Uruoca,CE,0,-3.30819,-40.5628
2313955,Varjota,CE,0,-4.19387,-40.4741
2314003,Várzea Alegre,CE,0,-6.78264,-39.2942
2314102,Viçosa do Ceará,CE,0,-3.5667,-41.0916
2400109,Acari,RN,0,-6.4282,-36.6347
2400208,Açu,RN,0,-5.58362,-36.914
2400307,Afonso Bezerra,RN,0,-5.49229,-36.5075
2400406,Água Nova,RN,0,-6.20351,-38.2941
2400505,Alexandria,RN,0,-6.40533,-38.0142
2400604,Almino Afonso,RN,0,-6.1475,-37.7636
2400703,Alto do Rodrigues,RN,0,-5.28186,-36.75
2400802,Angicos,RN,0,-5.65792,-36.6094
2400901,Antônio Martins,RN,0,-6.21367,-37.8834
2401008,Apodi,RN,0,-5.65349,-37.7946
2401107,Areia Branca,RN,0,-4.95254,-37.1252
2401206,Arês,RN,0,-6.18831,-35.1608
2401305,Augusto Severo (Campo Grande),RN,0,-5.86206,-37.3135
2401404,Baía Formosa,RN,0,-6.37161,-35.0033
2401453,Baraúna,RN,0,-5.06977,-37.6129
2401503,Barcelona,RN,0,-5.94284,-35.9247
2401602,Bento Fernandes,RN,0,-5.69906,-35.813
2401651,Bodó,RN,0,-5.98027,-36.4167
2401701,Bom Jesus,RN,0,-5.98648,-35.5792
2401800,Brejinho,RN,0,-6.18566,-35.3591
2401859,Caiçara do Norte,RN,0,-5.07091,-36.0717
2401909,Caiçara do Rio do Vento,RN,0,-5.76541,-35.9938
2402006,Caicó,RN,0,-6.45441,-37.1067
2402105,Campo Redondo,RN,0,-6.23829,-36.1888
2402204,Canguaretama,RN,0,-6.37193,-35.1281
2402303,Caraúbas,RN,0,-5.78387,-37.5586
2402402,Carnaúba dos Dantas,RN,0,-6.55015,-36.5868
2402501,Carnaubais,RN,0,-5.34181,-36.8335
2402600,Ceará-Mirim,RN,0,-5.64323,-35.4247
2402709,Cerro Corá,RN,0,-6.03503,-36.3503
2402808,Coronel Ezequiel,RN,0,-6.3748,-36.2223
2402907,Coronel João Pessoa,RN,0,-6.24974,-38.4441
2403004,Cruzeta,RN,0,-6.40894,-36.7782
2403103,Currais Novos,RN,0,-6.25484,-36.5146
2403202,Doutor Severiano,RN,0,-6.08082,-38.3794
2403251,Parnamirim,RN,0,-5.91116,-35.271
2403301,Encanto,RN,0,-6.10691,-38.3033
2403400,Equador,RN,0,-6.93835,-36.717
2403509,Espírito Santo,RN,0,-6.33563,-35.3052
2403608,Extremoz,RN,0,-5.70143,-35.3048
2403707,Felipe Guerra,RN,0,-5.59274,-37.6875
2403756,Fernando Pedroza,RN,0,-5.69096,-36.5282
2403806,Florânia,RN,0,-6.12264,-36.8226
2403905,Francisco Dantas,RN,0,-6.07234,-38.1212
2404002,Frutuoso Gomes,RN,0,-6.15669,-37.8375
2404101,Galinhos,RN,0,-5.0909,-36.2754
2404200,Goianinha,RN,0,-6.26486,-35.1943
2404309,Governador Dix-Sept Rosado,RN,0,-5.44887,-37.5183
2404408,Grossos,RN,0,-4.98068,-37.1621
2404507,Guamaré,RN,0,-5.10619,-36.3222
2404606,Ielmo Marinho,RN,0,-5.82447,-35.55
2404705,Ipanguaçu,RN,0,-5.48984,-36.8501
2404804,Ipueira,RN,0,-6.80596,-37.2045
2404853,Itajá,RN,0,-5.63894,-36.8712
2404903,Itaú,RN,0,-5.8363,-37.9912
2405009,Jaçanã,RN,0,-6.41856,-36.2031
2405108,Jandaíra,RN,0,-5.35211,-36.1278
2405207,Janduís,RN,0,-6.01474,-37.4048
2405306,Januário Cicco (Boa Saúde),RN,0,-6.16566,-35.6219
2405405,Japi,RN,0,-6.46544,-35.9346
2405504,Jardim de Angicos,RN,0,-5.64999,-35.9713
2405603,Jardim de Piranhas,RN,0,-6.37665,-37.3496
2405702,Jardim do Seridó,RN,0,-6.58047,-36.7736
2405801,João Câmara,RN,0,-5.54094,-35.8122
2405900,João Dias,RN,0,-6.27215,-37.7885
2406007,José da Penha,RN,0,-6.31095,-38.2823
2406106,Jucurutu,RN,0,-6.0306,-37.009
2406155,Jundiá,RN,0,-6.26866,-35.3495
2406205,Lagoa d'Anta,RN,0,-6.39493,-35.5949
2406304,Lagoa de Pedras,RN,0,-6.15082,-35.4299
2406403,Lagoa de Velhos,RN,0,-6.0119,-35.8729
2406502,Lagoa Nova,RN,0,-6.09339,-36.4703
2406601,Lagoa Salgada,RN,0,-6.12295,-35.4724
2406700,Lajes,RN,0,-5.69322,-36.247
2406809,Lajes Pintadas,RN,0,-6.14943,-36.1171
2406908,Lucrécia,RN,0,-6.10525,-37.8134
2407005,Luís Gomes,RN,0,-6.40588,-38.3899
2407104,Macaíba,RN,0,-5.85229,-35.3552
2407203,Macau,RN,0,-5.10795,-36.6318
2407252,Major Sales,RN,0,-6.39949,-38.324
2407302,Marcelino Vieira,RN,0,-6.2846,-38.1642
2407401,Martins,RN,0,-6.08279,-37.908
2407500,Maxaranguape,RN,0,-5.52181,-35.2631
2407609,Messias Targino,RN,0,-6.07194,-37.5158
2407708,Montanhas,RN,0,-6.48522,-35.2842
2407807,Monte Alegre,RN,0,-6.07063,-35.3253
2407906,Monte das Gameleiras,RN,0,-6.43698,-35.7831
2408003,Mossoró,RN,0,-5.18374,-37.3474
2408102,Natal,RN,1,-5.79357,-35.1986
2408201,Nísia Floresta,RN,0,-6.09329,-35.1991
2408300,Nova Cruz,RN,0,-6.47511,-35.4286
2408409,Olho-d'Água do Borges,RN,0,-5.9486,-37.7047
2408508,Ouro Branco,RN,0,-6.6958,-36.9428
2408607,Paraná,RN,0,-6.47565,-38.3057
2408706,Paraú,RN,0,-5.76893,-37.1032
2408805,Parazinho,RN,0,-5.22276,-35.8398
2408904,Parelhas,RN,0,-6.68491,-36.6566
2408953,Rio do Fogo,RN,0,-5.2765,-35.3794
2409100,Passa e Fica,RN,0,-6.43018,-35.6442
2409209,Passagem,RN,0,-6.27268,-35.37
2409308,Patu,RN,0,-6.10656,-37.6356
2409332,Santa Maria,RN,0,-5.83802,-35.6914
2409407,Pau dos Ferros,RN,0,-6.10498,-38.2077
2409506,Pedra Grande,RN,0,-5.14988,-35.876
2409605,Pedra Preta,RN,0,-5.57352,-36.1084
2409704,Pedro Avelino,RN,0,-5.5161,-36.3867
2409803,Pedro Velho,RN,0,-6.4356,-35.2195
2409902,Pendências,RN,0,-5.2564,-36.7095
2410009,Pilões,RN,0,-6.26364,-38.0461
2410108,Poço Branco,RN,0,-5.62233,-35.6635
2410207,Portalegre,RN,0,-6.02064,-37.9865
2410256,Porto do Mangue,RN,0,-5.05441,-36.7887
2410306,Serra Caiada,RN,0,-6.10478,-35.7113
2410405,Pureza,RN,0,-5.46393,-35.5554
2410504,Rafael Fernandes,RN,0,-6.18987,-38.2211
2410603,Rafael Godeiro,RN,0,-6.07244,-37.716
2410702,Riacho da Cruz,RN,0,-5.92654,-37.949
2410801,Riacho de Santana,RN,0,-6.25139,-38.3116
2410900,Riachuelo,RN,0,-5.82156,-35.8215
2411007,Rodolfo Fernandes,RN,0,-5.78393,-38.0579
2411056,Tibau,RN,0,-4.83729,-37.2554
2411106,Ruy Barbosa,RN,0,-5.88745,-35.933
2411205,Santa Cruz,RN,0,-6.22475,-36.0193
2411403,Santana do Matos,RN,0,-5.94605,-36.6578
2411429,Santana do Seridó,RN,0,-6.76643,-36.7312
2411502,Santo Antônio,RN,0,-6.31195,-35.4739
2411601,São Bento do Norte,RN,0,-5.09259,-35.9587
2411700,São Bento do Trairí,RN,0,-6.33798,-36.0863
2411809,São Fernando,RN,0,-6.37975,-37.1864
2411908,São Francisco do Oeste,RN,0,-5.97472,-38.1519
2412005,São Gonçalo do Amarante,RN,0,-5.79068,-35.3257
2412104,São João do Sabugi,RN,0,-6.71387,-37.2027
2412203,São José de Mipibu,RN,0,-6.0773,-35.2417
2412302,São José do Campestre,RN,0,-6.31087,-35.7067
2412401,São José do Seridó,RN,0,-6.44002,-36.8746
2412500,São Miguel,RN,0,-6.20283,-38.4947
2412559,São Miguel do Gostoso,RN,0,-5.12302,-35.6354
2412609,São Paulo do Potengi,RN,0,-5.8994,-35.7642
2412708,São Pedro,RN,0,-5.90559,-35.6317
2412807,São Rafael,RN,0,-5.79791,-36.8778
2412906,São Tomé,RN,0,-5.96404,-36.0798
2413003,São Vicente,RN,0,-6.21893,-36.6827
2413102,Senador Elói de Souza,RN,0,-6.03334,-35.6978
2413201,Senador Georgino Avelino,RN,0,-6.1576,-35.1299
2413300,Serra de São Bento,RN,0,-6.41762,-35.7033
2413359,Serra do Mel,RN,0,-5.17725,-37.0242
2413409,Serra Negra do Norte,RN,0,-6.66031,-37.3996
2413508,Serrinha,RN,0,-6.28181,-35.5
2413557,Serrinha dos Pintos,RN,0,-6.11087,-37.9548
2413607,Severiano Melo,RN,0,-5.77666,-37.957
2413706,Sítio Novo,RN,0,-6.11132,-35.909
2413805,Taboleiro Grande,RN,0,-5.91948,-38.0367
2413904,Taipu,RN,0,-5.63058,-35.5918
2414001,Tangará,RN,0,-6.19649,-35.7989
2414100,Tenente Ananias,RN,0,-6.45823,-38.182
2414159,Tenente Laurentino Cruz,RN,0,-6.1378,-36.7135
2414209,Tibau do Sul,RN,0,-6.19176,-35.0866
2414308,Timbaúba dos Batistas,RN,0,-6.45768,-37.2745
2414407,Touros,RN,0,-5.20182,-35.4621
2414456,Triunfo Potiguar,RN,0,-5.85408,-37.1786
2414506,Umarizal,RN,0,-5.98238,-37.818
2414605,Upanema,RN,0,-5.63761,-37.2635
2414704,Várzea,RN,0,-6.34641,-35.3732
2414753,Venha-Ver,RN,0,-6.32016,-38.4896
2414803,Vera Cruz,RN,0,-6.04399,-35.428
2414902,Viçosa,RN,0,-5.98253,-37.9462
2415008,Vila Flor,RN,0,-6.31287,-35.067
2500106,Água Branca,PB,0,-7.51144,-37.6357
2500205,Aguiar,PB,0,-7.0918,-38.1681
2500304,Alagoa Grande,PB,0,-7.03943,-35.6206
2500403,Alagoa Nova,PB,0,-7.05377,-35.7591
2500502,Alagoinha,PB,0,-6.94657,-35.5332
2500536,Alcantil,PB,0,-7.73668,-36.0511
2500577,Algodão de Jandaíra,PB,0,-6.89292,-36.0129
2500601,Alhandra,PB,0,-7.42977,-34.9057
2500700,São João do Rio do Peixe,PB,0,-6.72195,-38.4468
2500734,Amparo,PB,0,-7.55502,-37.0628
2500775,Aparecida,PB,0,-6.78466,-38.0803
2500809,Araçagi,PB,0,-6.84374,-35.3737
2500908,Arara,PB,0,-6.82813,-35.7552
2501005,Araruna,PB,0,-6.54848,-35.7498
2501104,Areia,PB,0,-6.96396,-35.6977
2501153,Areia de Baraúnas,PB,0,-7.11702,-36.9404
2501203,Areial,PB,0,-7.04789,-35.9313
2501302,Aroeiras,PB,0,-7.54473,-35.7066
2501351,Assunção,PB,0,-7.07231,-36.725
2501401,Baía da Traição,PB,0,-6.69209,-34.9381
2501500,Bananeiras,PB,0,-6.74775,-35.6246
2501534,Baraúna,PB,0,-6.63484,-36.2601
2501575,Barra de Santana,PB,0,-7.51809,-35.9913
2501609,Barra de Santa Rosa,PB,0,-6.71816,-36.0671
2501708,Barra de São Miguel,PB,0,-7.74603,-36.3209
2501807,Bayeux,PB,0,-7.1238,-34.9293
2501906,Belém,PB,0,-6.74261,-35.5166
2502003,Belém do Brejo do Cruz,PB,0,-6.18515,-37.5348
2502052,Bernardino Batista,PB,0,-6.44572,-38.5521
2502102,Boa Ventura,PB,0,-7.40982,-38.2113
2502151,Boa Vista,PB,0,-7.26365,-36.2357
2502201,Bom Jesus,PB,0,-6.81601,-38.6453
2502300,Bom Sucesso,PB,0,-6.44176,-37.9234
2502409,Bonito de Santa Fé,PB,0,-7.31341,-38.5133
2502508,Boqueirão,PB,0,-7.487,-36.1309
2502607,Igaracy,PB,0,-7.17184,-38.1478
2502706,Borborema,PB,0,-6.80199,-35.6187
2502805,Brejo do Cruz,PB,0,-6.34185,-37.4943
2502904,Brejo dos Santos,PB,0,-6.37065,-37.8253
2503001,Caaporã,PB,0,-7.51351,-34.9055
2503100,Cabaceiras,PB,0,-7.48899,-36.287
2503209,Cabedelo,PB,0,-6.98731,-34.8284
2503308,Cachoeira dos Índios,PB,0,-6.91353,-38.676
2503407,Cacimba de Areia,PB,0,-7.12128,-37.1563
2503506,Cacimba de Dentro,PB,0,-6.6386,-35.7778
2503555,Cacimbas,PB,0,-7.20721,-37.0604
2503605,Caiçara,PB,0,-6.62115,-35.4581
2503704,Cajazeiras,PB,0,-6.88004,-38.5577
2503753,Cajazeirinhas,PB,0,-6.96016,-37.8009
2503803,Caldas Brandão,PB,0,-7.1025,-35.3272
2503902,Camalaú,PB,0,-7.88503,-36.8242
2504009,Campina Grande,PB,0,-7.22196,-35.8731
2504033,Capim,PB,0,-6.91624,-35.1673
2504074,Caraúbas,PB,0,-7.72049,-36.492
2504108,Carrapateira,PB,0,-7.03414,-38.3399
2504157,Casserengue,PB,0,-6.77954,-35.8179
2504207,Catingueira,PB,0,-7.12008,-37.6064
2504306,Catolé do Rocha,PB,0,-6.34062,-37.747
2504355,Caturité,PB,0,-7.41659,-36.0306
2504405,Conceição,PB,0,-7.55106,-38.5014
2504504,Condado,PB,0,-6.89831,-37.606
2504603,Conde,PB,0,-7.25746,-34.8999
2504702,Congo,PB,0,-7.79078,-36.6581
2504801,Coremas,PB,0,-7.00712,-37.9346
2504850,Coxixola,PB,0,-7.62365,-36.6064
2504900,Cruz do Espírito Santo,PB,0,-7.13902,-35.0857
2505006,Cubati,PB,0,-6.86686,-36.3619
2505105,Cuité,PB,0,-6.47647,-36.1515
2505204,Cuitegi,PB,0,-6.89058,-35.5215
2505238,Cuité de Mamanguape,PB,0,-6.91292,-35.2502
2505279,Curral de Cima,PB,0,-6.72325,-35.2639
2505303,Curral Velho,PB,0,-7.53075,-38.1962
2505352,Damião,PB,0,-6.63161,-35.9101
2505402,Desterro,PB,0,-7.287,-37.0925
2505501,Vista Serrana,PB,0,-6.7303,-37.5704
2505600,Diamante,PB,0,-7.41738,-38.2615
2505709,Dona Inês,PB,0,-6.61566,-35.6205
2505808,Duas Estradas,PB,0,-6.68499,-35.418
2505907,Emas,PB,0,-7.09964,-37.7163
2506004,Esperança,PB,0,-7.02278,-35.8597
2506103,Fagundes,PB,0,-7.34454,-35.7931
2506202,Frei Martinho,PB,0,-6.39759,-36.4526
2506251,Gado Bravo,PB,0,-7.58279,-35.7899
2506301,Guarabira,PB,0,-6.85064,-35.485
2506400,Gurinhém,PB,0,-7.1233,-35.4222
2506509,Gurjão,PB,0,-7.24833,-36.4923
2506608,Ibiara,PB,0,-7.47957,-38.4059
2506707,Imaculada,PB,0,-7.3889,-37.5079
2506806,Ingá,PB,0,-7.28144,-35.605
2506905,Itabaiana,PB,0,-7.33167,-35.3317
2507002,Itaporanga,PB,0,-7.30202,-38.1504
2507101,Itapororoca,PB,0,-6.82374,-35.2406
2507200,Itatuba,PB,0,-7.38115,-35.638
2507309,Jacaraú,PB,0,-6.61453,-35.289
2507408,Jericó,PB,0,-6.54577,-37.8036
2507507,João Pessoa,PB,1,-7.11509,-34.8641
2507606,Juarez Távora,PB,0,-7.1713,-35.5686
2507705,Juazeirinho,PB,0,-7.06092,-36.5793
2507804,Junco do Seridó,PB,0,-6.99269,-36.7166
2507903,Juripiranga,PB,0,-7.36176,-35.2321
2508000,Juru,PB,0,-7.52983,-37.815
2508109,Lagoa,PB,0,-6.58572,-37.9127
2508208,Lagoa de Dentro,PB,0,-6.67213,-35.3706
2508307,Lagoa Seca,PB,0,-7.15535,-35.8491
2508406,Lastro,PB,0,-6.50603,-38.1742
2508505,Livramento,PB,0,-7.37113,-36.9491
2508554,Logradouro,PB,0,-6.61191,-35.4384
2508604,Lucena,PB,0,-6.90258,-34.8748
2508703,Mãe d'Água,PB,0,-7.25201,-37.4322
2508802,Malta,PB,0,-6.89719,-37.5221
2508901,Mamanguape,PB,0,-6.8337,-35.1213
2509008,Manaíra,PB,0,-7.70331,-38.1523
2509057,Marcação,PB,0,-6.76535,-35.0087
2509107,Mari,PB,0,-7.05942,-35.318
2509156,Marizópolis,PB,0,-6.82748,-38.3528
2509206,Massaranduba,PB,0,-7.18995,-35.7848
2509305,Mataraca,PB,0,-6.59673,-35.0531
2509339,Matinhas,PB,0,-7.12486,-35.7669
2509370,Mato Grosso,PB,0,-6.54018,-37.7279
2509396,Maturéia,PB,0,-7.26188,-37.351
2509404,Mogeiro,PB,0,-7.28517,-35.4832
2509503,Montadas,PB,0,-7.08848,-35.9592
2509602,Monte Horebe,PB,0,-7.20402,-38.5838
2509701,Monteiro,PB,0,-7.88363,-37.1184
2509800,Mulungu,PB,0,-7.02525,-35.46
2509909,Natuba,PB,0,-7.63514,-35.5586
2510006,Nazarezinho,PB,0,-6.9114,-38.322
2510105,Nova Floresta,PB,0,-6.45056,-36.2057
2510204,Nova Olinda,PB,0,-7.47232,-38.0382
2510303,Nova Palmeira,PB,0,-6.67122,-36.422
2510402,Olho d'Água,PB,0,-7.22118,-37.7406
2510501,Olivedos,PB,0,-6.98434,-36.241
2510600,Ouro Velho,PB,0,-7.61604,-37.1519
2510659,Parari,PB,0,-7.30975,-36.6522
2510709,Passagem,PB,0,-7.13467,-37.0433
2510808,Patos,PB,0,-7.01743,-37.2747
2510907,Paulista,PB,0,-6.59138,-37.6185
2511004,Pedra Branca,PB,0,-7.42169,-38.0689
2511103,Pedra Lavrada,PB,0,-6.74997,-36.4758
2511202,Pedras de Fogo,PB,0,-7.39107,-35.1065
2511301,Piancó,PB,0,-7.19282,-37.9289
2511400,Picuí,PB,0,-6.50845,-36.3497
2511509,Pilar,PB,0,-7.26403,-35.2523
2511608,Pilões,PB,0,-6.86827,-35.613
2511707,Pilõezinhos,PB,0,-6.84277,-35.531
2511806,Pirpirituba,PB,0,-6.77922,-35.4906
2511905,Pitimbu,PB,0,-7.4664,-34.8151
2512002,Pocinhos,PB,0,-7.06658,-36.0668
2512036,Poço Dantas,PB,0,-6.39876,-38.4909
2512077,Poço de José de Moura,PB,0,-6.56401,-38.5111
2512101,Pombal,PB,0,-6.76606,-37.8003
2512200,Prata,PB,0,-7.68826,-37.0801
2512309,Princesa Isabel,PB,0,-7.73175,-37.9886
2512408,Puxinanã,PB,0,-7.15479,-35.9543
2512507,Queimadas,PB,0,-7.35029,-35.9031
2512606,Quixabá,PB,0,-7.0224,-37.1458
2512705,Remígio,PB,0,-6.94992,-35.8011
2512721,Pedro Régis,PB,0,-6.63323,-35.2966
2512747,Riachão,PB,0,-6.54269,-35.661
2512754,Riachão do Bacamarte,PB,0,-7.25347,-35.6693
2512762,Riachão do Poço,PB,0,-7.14173,-35.2914
2512788,Riacho de Santo Antônio,PB,0,-7.68023,-36.157
2512804,Riacho dos Cavalos,PB,0,-6.44067,-37.6483
2512903,Rio Tinto,PB,0,-6.80383,-35.0776
2513000,Salgadinho,PB,0,-7.10098,-36.8458
2513109,Salgado de São Félix,PB,0,-7.35337,-35.4305
2513158,Santa Cecília,PB,0,-7.7389,-35.8764
2513208,Santa Cruz,PB,0,-6.5237,-38.0617
2513307,Santa Helena,PB,0,-6.7176,-38.6427
2513356,Santa Inês,PB,0,-7.621,-38.554
2513406,Santa Luzia,PB,0,-6.86092,-36.9178
2513505,Santana de Mangueira,PB,0,-7.54705,-38.3236
2513604,Santana dos Garrotes,PB,0,-7.38162,-37.9819
2513653,Joca Claudino,PB,0,-6.48362,-38.4764
2513703,Santa Rita,PB,0,-7.11724,-34.9753
2513802,Santa Teresinha,PB,0,-7.07964,-37.4435
2513851,Santo André,PB,0,-7.22016,-36.6213
2513901,São Bento,PB,0,-6.48529,-37.4488
2513927,São Bentinho,PB,0,-6.88596,-37.7243
2513943,São Domingos do Cariri,PB,0,-7.63273,-36.4374
2513968,São Domingos,PB,0,-6.80313,-37.9488
2513984,São Francisco,PB,0,-6.60773,-38.0968
2514008,São João do Cariri,PB,0,-7.38168,-36.5345
2514107,São João do Tigre,PB,0,-8.07703,-36.8547
2514206,São José da Lagoa Tapada,PB,0,-6.93646,-38.1622
2514305,São José de Caiana,PB,0,-7.24636,-38.2989
2514404,São José de Espinharas,PB,0,-6.83974,-37.3214
2514453,São José dos Ramos,PB,0,-7.25238,-35.3725
2514503,São José de Piranhas,PB,0,-7.1187,-38.502
2514552,São José de Princesa,PB,0,-7.73633,-38.0894
2514602,São José do Bonfim,PB,0,-7.1607,-37.3036
2514651,São José do Brejo do Cruz,PB,0,-6.21054,-37.3601
2514701,São José do Sabugi,PB,0,-6.76295,-36.7972
2514800,São José dos Cordeiros,PB,0,-7.38775,-36.8085
2514909,São Mamede,PB,0,-6.92386,-37.0954
2515005,São Miguel de Taipu,PB,0,-7.24764,-35.2016
2515104,São Sebastião de Lagoa de Roça,PB,0,-7.11034,-35.8678
2515203,São Sebastião do Umbuzeiro,PB,0,-8.15289,-37.0138
2515302,Sapé,PB,0,-7.09359,-35.228
2515401,São Vicente do Seridó,PB,0,-6.85426,-36.4122
2515500,Serra Branca,PB,0,-7.48034,-36.666
2515609,Serra da Raiz,PB,0,-6.68527,-35.4379
2515708,Serra Grande,PB,0,-7.20957,-38.3647
2515807,Serra Redonda,PB,0,-7.18622,-35.6842
2515906,Serraria,PB,0,-6.81569,-35.6282
2515930,Sertãozinho,PB,0,-6.75127,-35.4372
2515971,Sobrado,PB,0,-7.14429,-35.2357
2516003,Solânea,PB,0,-6.75161,-35.6636
2516102,Soledade,PB,0,-7.05829,-36.3668
2516151,Sossêgo,PB,0,-6.77067,-36.2538
2516201,Sousa,PB,0,-6.75148,-38.2311
2516300,Sumé,PB,0,-7.66206,-36.884
2516409,Tacima,PB,0,-6.48759,-35.6367
2516508,Taperoá,PB,0,-7.20629,-36.8245
2516607,Tavares,PB,0,-7.62697,-37.8712
2516706,Teixeira,PB,0,-7.22104,-37.2525
2516755,Tenório,PB,0,-6.93855,-36.6273
2516805,Triunfo,PB,0,-6.5713,-38.5986
2516904,Uiraúna,PB,0,-6.51504,-38.4128
2517001,Umbuzeiro,PB,0,-7.69199,-35.6582
2517100,Várzea,PB,0,-6.76189,-36.9913
2517209,Vieirópolis,PB,0,-6.50684,-38.2567
2517407,Zabelê,PB,0,-8.07901,-37.1057
2600054,Abreu e Lima,PE,0,-7.90072,-34.8984
2600104,Afogados da Ingazeira,PE,0,-7.74312,-37.631
2600203,Afrânio,PE,0,-8.51136,-41.0095
2600302,Agrestina,PE,0,-8.45966,-35.9447
2600401,Água Preta,PE,0,-8.70609,-35.5263
2600500,Águas Belas,PE,0,-9.11125,-37.1226
2600609,Alagoinha,PE,0,-8.4665,-36.7788
2600708,Aliança,PE,0,-7.60398,-35.2227
2600807,Altinho,PE,0,-8.48482,-36.0644
2600906,Amaraji,PE,0,-8.37691,-35.4501
2601003,Angelim,PE,0,-8.88429,-36.2902
2601052,Araçoiaba,PE,0,-7.78391,-35.0809
2601102,Araripina,PE,0,-7.57073,-40.494
2601201,Arcoverde,PE,0,-8.41519,-37.0577
2601300,Barra de Guabiraba,PE,0,-8.42075,-35.6585
2601409,Barreiros,PE,0,-8.81605,-35.1832
2601508,Belém de Maria,PE,0,-8.62504,-35.8335
2601607,Belém do São Francisco,PE,0,-8.75046,-38.9623
2601706,Belo Jardim,PE,0,-8.3313,-36.4258
2601805,Betânia,PE,0,-8.26787,-38.0345
2601904,Bezerros,PE,0,-8.2328,-35.796
2602001,Bodocó,PE,0,-7.77759,-39.9338
2602100,Bom Conselho,PE,0,-9.16919,-36.6857
2602209,Bom Jardim,PE,0,-7.79695,-35.5784
2602308,Bonito,PE,0,-8.47163,-35.7292
2602407,Brejão,PE,0,-9.02915,-36.566
2602506,Brejinho,PE,0,-7.34694,-37.2865
2602605,Brejo da Madre de Deus,PE,0,-8.14933,-36.3741
2602704,Buenos Aires,PE,0,-7.72449,-35.3182
2602803,Buíque,PE,0,-8.61954,-37.1606
2602902,Cabo de Santo Agostinho,PE,0,-8.28218,-35.0253
2603009,Cabrobó,PE,0,-8.50548,-39.3094
2603108,Cachoeirinha,PE,0,-8.48668,-36.2402
2603207,Caetés,PE,0,-8.7803,-36.6268
2603306,Calçado,PE,0,-8.73108,-36.3366
2603405,Calumbi,PE,0,-7.93551,-38.1482
2603454,Camaragibe,PE,0,-8.02351,-34.9782
2603504,Camocim de São Félix,PE,0,-8.35865,-35.7653
2603603,Camutanga,PE,0,-7.40545,-35.2664
2603702,Canhotinho,PE,0,-8.87652,-36.1979
2603801,Capoeiras,PE,0,-8.73423,-36.6306
2603900,Carnaíba,PE,0,-7.79342,-37.7946
2603926,Carnaubeira da Penha,PE,0,-8.31799,-38.7512
2604007,Carpina,PE,0,-7.84566,-35.2514
2604106,Caruaru,PE,0,-8.28455,-35.9699
2604155,Casinhas,PE,0,-7.74084,-35.7206
2604205,Catende,PE,0,-8.67509,-35.7024
2604304,Cedro,PE,0,-7.71179,-39.2367
2604403,Chã de Alegria,PE,0,-8.00679,-35.204
2604502,Chã Grande,PE,0,-8.23827,-35.4571
2604601,Condado,PE,0,-7.58787,-35.0999
2604700,Correntes,PE,0,-9.12117,-36.3244
2604809,Cortês,PE,0,-8.47443,-35.5468
2604908,Cumaru,PE,0,-8.00827,-35.6957
2605004,Cupira,PE,0,-8.62432,-35.9518
2605103,Custódia,PE,0,-8.08546,-37.6443
2605152,Dormentes,PE,0,-8.44116,-40.7662
2605202,Escada,PE,0,-8.35672,-35.2241
2605301,Exu,PE,0,-7.50364,-39.7238
2605400,Feira Nova,PE,0,-7.94704,-35.3801
2605459,Fernando de Noronha,PE,0,-3.8396,-32.4107
2605509,Ferreiros,PE,0,-7.44666,-35.2373
2605608,Flores,PE,0,-7.85842,-37.9715
2605707,Floresta,PE,0,-8.60307,-38.5687
2605806,Frei Miguelinho,PE,0,-7.93918,-35.9113
2605905,Gameleira,PE,0,-8.5798,-35.3846
2606002,Garanhuns,PE,0,-8.88243,-36.4966
2606101,Glória do Goitá,PE,0,-8.00568,-35.2904
2606200,Goiana,PE,0,-7.5606,-34.9959
2606309,Granito,PE,0,-7.70711,-39.615
2606408,Gravatá,PE,0,-8.21118,-35.5675
2606507,Iati,PE,0,-9.04559,-36.8498
2606606,Ibimirim,PE,0,-8.54026,-37.7032
2606705,Ibirajuba,PE,0,-8.57633,-36.1812
2606804,Igarassu,PE,0,-7.82881,-34.9013
2606903,Iguaracy,PE,0,-7.83222,-37.5082
2607000,Inajá,PE,0,-8.90206,-37.8351
2607109,Ingazeira,PE,0,-7.66909,-37.4576
2607208,Ipojuca,PE,0,-8.39303,-35.0609
2607307,Ipubi,PE,0,-7.64505,-40.1476
2607406,Itacuruba,PE,0,-8.82231,-38.6975
2607505,Itaíba,PE,0,-8.94569,-37.4173
2607604,Ilha de Itamaracá,PE,0,-7.74766,-34.8303
2607653,Itambé,PE,0,-7.41403,-35.0963
2607703,Itapetim,PE,0,-7.37178,-37.1863
2607752,Itapissuma,PE,0,-7.76798,-34.8971
2607802,Itaquitinga,PE,0,-7.66373,-35.1002
2607901,Jaboatão dos Guararapes,PE,0,-8.11298,-35.015
2607950,Jaqueira,PE,0,-8.72618,-35.7942
2608008,Jataúba,PE,0,-7.97668,-36.4943
2608057,Jatobá,PE,0,-9.17476,-38.2607
2608107,João Alfredo,PE,0,-7.86565,-35.5787
2608206,Joaquim Nabuco,PE,0,-8.62281,-35.5288
2608255,Jucati,PE,0,-8.70195,-36.4871
2608305,Jupi,PE,0,-8.70904,-36.4126
2608404,Jurema,PE,0,-8.70714,-36.1347
2608453,Lagoa do Carro,PE,0,-7.84383,-35.3108
2608503,Lagoa de Itaenga,PE,0,-7.93005,-35.2874
2608602,Lagoa do Ouro,PE,0,-9.12567,-36.4584
2608701,Lagoa dos Gatos,PE,0,-8.6602,-35.904
2608750,Lagoa Grande,PE,0,-8.99452,-40.2767
2608800,Lajedo,PE,0,-8.65791,-36.3293
2608909,Limoeiro,PE,0,-7.8726,-35.4402
2609006,Macaparana,PE,0,-7.55564,-35.4425
2609105,Machados,PE,0,-7.68827,-35.5114
2609154,Manari,PE,0,-8.9649,-37.6313
2609204,Maraial,PE,0,-8.79062,-35.8266
2609303,Mirandiba,PE,0,-8.12113,-38.7388
2609402,Moreno,PE,0,-8.10871,-35.0835
2609501,Nazaré da Mata,PE,0,-7.74149,-35.2193
2609600,Olinda,PE,0,-8.01017,-34.8545
2609709,Orobó,PE,0,-7.74553,-35.5956
2609808,Orocó,PE,0,-8.61026,-39.6026
2609907,Ouricuri,PE,0,-7.87918,-40.08
2610004,Palmares,PE,0,-8.68423,-35.589
2610103,Palmeirina,PE,0,-9.0109,-36.3242
2610202,Panelas,PE,0,-8.66121,-36.0125
2610301,Paranatama,PE,0,-8.91875,-36.6549
2610400,Parnamirim,PE,0,-8.08729,-39.5795
2610509,Passira,PE,0,-7.9971,-35.5813
2610608,Paudalho,PE,0,-7.90287,-35.1716
2610707,Paulista,PE,0,-7.93401,-34.8684
2610806,Pedra,PE,0,-8.49641,-36.94
2610905,Pesqueira,PE,0,-8.35797,-36.6978
2611002,Petrolândia,PE,0,-9.06863,-38.3027
2611101,Petrolina,PE,0,-9.38866,-40.5027
2611200,Poção,PE,0,-8.18726,-36.7111
2611309,Pombos,PE,0,-8.13982,-35.3967
2611408,Primavera,PE,0,-8.32999,-35.3544
2611507,Quipapá,PE,0,-8.81175,-36.0137
2611533,Quixaba,PE,0,-7.70734,-37.8446
2611606,Recife,PE,1,-8.04666,-34.8771
2611705,Riacho das Almas,PE,0,-8.13742,-35.8648
2611804,Ribeirão,PE,0,-8.50957,-35.3698
2611903,Rio Formoso,PE,0,-8.6592,-35.1532
2612000,Sairé,PE,0,-8.32864,-35.6967
2612109,Salgadinho,PE,0,-7.9269,-35.6503
2612208,Salgueiro,PE,0,-8.07373,-39.1247
2612307,Saloá,PE,0,-8.9723,-36.691
2612406,Sanharó,PE,0,-8.36097,-36.5696
2612455,Santa Cruz,PE,0,-8.24153,-40.3434
2612471,Santa Cruz da Baixa Verde,PE,0,-7.81339,-38.1476
2612505,Santa Cruz do Capibaribe,PE,0,-7.94802,-36.2061
2612554,Santa Filomena,PE,0,-8.16688,-40.6079
2612604,Santa Maria da Boa Vista,PE,0,-8.79766,-39.8241
2612703,Santa Maria do Cambucá,PE,0,-7.83676,-35.8941
2612802,Santa Terezinha,PE,0,-7.37696,-37.4787
2612901,São Benedito do Sul,PE,0,-8.8166,-35.9453
2613008,São Bento do Una,PE,0,-8.52637,-36.4465
2613107,São Caetano,PE,0,-8.33763,-36.2869
2613206,São João,PE,0,-8.87576,-36.3653
2613305,São Joaquim do Monte,PE,0,-8.43196,-35.8035
2613404,São José da Coroa Grande,PE,0,-8.88937,-35.1515
2613503,São José do Belmonte,PE,0,-7.85723,-38.7577
2613602,São José do Egito,PE,0,-7.46945,-37.274
2613701,São Lourenço da Mata,PE,0,-8.00684,-35.0124
2613800,São Vicente Ferrer,PE,0,-7.58969,-35.4808
2613909,Serra Talhada,PE,0,-7.98178,-38.289
2614006,Serrita,PE,0,-7.94041,-39.2951
2614105,Sertânia,PE,0,-8.06847,-37.2684
2614204,Sirinhaém,PE,0,-8.58778,-35.1126
2614303,Moreilândia,PE,0,-7.61931,-39.546
2614402,Solidão,PE,0,-7.59472,-37.6445
2614501,Surubim,PE,0,-7.84746,-35.7481
2614600,Tabira,PE,0,-7.58366,-37.5377
2614709,Tacaimbó,PE,0,-8.30867,-36.3
2614808,Tacaratu,PE,0,-9.09798,-38.1504
2614857,Tamandaré,PE,0,-8.75665,-35.1033
2615003,Taquaritinga do Norte,PE,0,-7.89446,-36.0423
2615102,Terezinha,PE,0,-9.05621,-36.6272
2615201,Terra Nova,PE,0,-8.22244,-39.3825
2615300,Timbaúba,PE,0,-7.50484,-35.3119
2615409,Toritama,PE,0,-8.00955,-36.0637
2615508,Tracunhaém,PE,0,-7.80228,-35.2314
2615607,Trindade,PE,0,-7.759,-40.2647
2615706,Triunfo,PE,0,-7.83272,-38.0978
2615805,Tupanatinga,PE,0,-8.74798,-37.3445
2615904,Tuparetama,PE,0,-7.6003,-37.3165
2616001,Venturosa,PE,0,-8.57885,-36.8742
2616100,Verdejante,PE,0,-7.92235,-38.9701
2616183,Vertente do Lério,PE,0,-7.77084,-35.8491
2616209,Vertentes,PE,0,-7.90158,-35.9681
2616308,Vicência,PE,0,-7.65655,-35.3139
2616407,Vitória de Santo Antão,PE,0,-8.12819,-35.2976
2616506,Xexéu,PE,0,-8.8046,-35.6212
2700102,Água Branca,AL,0,-9.262,-37.938
2700201,Anadia,AL,0,-9.68489,-36.3078
2700300,Arapiraca,AL,0,-9.75487,-36.6615
2700409,Atalaia,AL,0,-9.5119,-36.0086
2700508,Barra de Santo Antônio,AL,0,-9.4023,-35.5101
2700607,Barra de São Miguel,AL,0,-9.83842,-35.9057
2700706,Batalha,AL,0,-9.6742,-37.133
2700805,Belém,AL,0,-9.57047,-36.4904
2700904,Belo Monte,AL,0,-9.82272,-37.277
2701001,Boca da Mata,AL,0,-9.64308,-36.2125
2701100,Branquinha,AL,0,-9.23342,-36.0162
2701209,Cacimbinhas,AL,0,-9.40121,-36.9911
2701308,Cajueiro,AL,0,-9.3994,-36.1559
2701357,Campestre,AL,0,-8.84723,-35.5685
2701407,Campo Alegre,AL,0,-9.78451,-36.3525
2701506,Campo Grande,AL,0,-9.95542,-36.7926
2701605,Canapi,AL,0,-9.11932,-37.5967
2701704,Capela,AL,0,-9.41504,-36.0826
2701803,Carneiros,AL,0,-9.48476,-37.3773
2701902,Chã Preta,AL,0,-9.2556,-36.2983
2702009,Coité do Nóia,AL,0,-9.63348,-36.5845
2702108,Colônia Leopoldina,AL,0,-8.91806,-35.7214
2702207,Coqueiro Seco,AL,0,-9.63715,-35.7994
2702306,Coruripe,AL,0,-10.1276,-36.1717
2702355,Craíbas,AL,0,-9.6178,-36.7697
2702405,Delmiro Gouveia,AL,0,-9.38534,-37.9987
2702504,Dois Riachos,AL,0,-9.38465,-37.0965
2702553,Estrela de Alagoas,AL,0,-9.39089,-36.7644
2702603,Feira Grande,AL,0,-9.89859,-36.6815
2702702,Feliz Deserto,AL,0,-10.2935,-36.3028
2702801,Flexeiras,AL,0,-9.27281,-35.7139
2702900,Girau do Ponciano,AL,0,-9.88404,-36.8316
2703007,Ibateguara,AL,0,-8.97823,-35.9373
2703106,Igaci,AL,0,-9.53768,-36.6372
2703205,Igreja Nova,AL,0,-10.1235,-36.6597
2703304,Inhapi,AL,0,-9.22594,-37.7509
2703403,Jacaré dos Homens,AL,0,-9.63545,-37.2076
2703502,Jacuípe,AL,0,-8.83951,-35.4591
2703601,Japaratinga,AL,0,-9.08746,-35.2634
2703700,Jaramataia,AL,0,-9.66224,-37.0046
2703759,Jequiá da Praia,AL,0,-10.0133,-36.0142
2703809,Joaquim Gomes,AL,0,-9.1328,-35.7474
2703908,Jundiá,AL,0,-8.93297,-35.5669
2704005,Junqueiro,AL,0,-9.90696,-36.4803
2704104,Lagoa da Canoa,AL,0,-9.83291,-36.7413
2704203,Limoeiro de Anadia,AL,0,-9.74098,-36.5121
2704302,Maceió,AL,1,-9.66599,-35.735
2704401,Major Isidoro,AL,0,-9.53009,-36.992
2704500,Maragogi,AL,0,-9.00744,-35.2267
2704609,Maravilha,AL,0,-9.23045,-37.3524
2704708,Marechal Deodoro,AL,0,-9.70971,-35.8967
2704807,Maribondo,AL,0,-9.58353,-36.3045
2704906,Mar Vermelho,AL,0,-9.44739,-36.3881
2705002,Mata Grande,AL,0,-9.11824,-37.7323
2705101,Matriz de Camaragibe,AL,0,-9.15437,-35.5243
2705200,Messias,AL,0,-9.39384,-35.8392
2705309,Minador do Negrão,AL,0,-9.31236,-36.8696
2705408,Monteirópolis,AL,0,-9.60357,-37.2505
2705507,Murici,AL,0,-9.30682,-35.9428
2705606,Novo Lino,AL,0,-8.94191,-35.664
2705705,Olho d'Água das Flores,AL,0,-9.53686,-37.2971
2705804,Olho d'Água do Casado,AL,0,-9.50357,-37.8301
2705903,Olho d'Água Grande,AL,0,-10.0572,-36.8101
2706000,Olivença,AL,0,-9.51954,-37.1954
2706109,Ouro Branco,AL,0,-9.15884,-37.3556
2706208,Palestina,AL,0,-9.67493,-37.339
2706307,Palmeira dos Índios,AL,0,-9.40568,-36.6328
2706406,Pão de Açúcar,AL,0,-9.74032,-37.4403
2706422,Pariconha,AL,0,-9.25634,-37.9988
2706448,Paripueira,AL,0,-9.46313,-35.552
2706505,Passo de Camaragibe,AL,0,-9.24511,-35.4745
2706604,Paulo Jacinto,AL,0,-9.36792,-36.3672
2706703,Penedo,AL,0,-10.2874,-36.5819
2706802,Piaçabuçu,AL,0,-10.406,-36.434
2706901,Pilar,AL,0,-9.60135,-35.9543
2707008,Pindoba,AL,0,-9.47382,-36.2918
2707107,Piranhas,AL,0,-9.624,-37.757
2707206,Poço das Trincheiras,AL,0,-9.30742,-37.2889
2707305,Porto Calvo,AL,0,-9.05195,-35.3987
2707404,Porto de Pedras,AL,0,-9.16006,-35.3049
2707503,Porto Real do Colégio,AL,0,-10.1849,-36.8376
2707602,Quebrangulo,AL,0,-9.32001,-36.4692
2707701,Rio Largo,AL,0,-9.47783,-35.8394
2707800,Roteiro,AL,0,-9.83503,-35.9782
2707909,Santa Luzia do Norte,AL,0,-9.6037,-35.8232
2708006,Santana do Ipanema,AL,0,-9.36999,-37.248
2708105,Santana do Mundaú,AL,0,-9.17141,-36.2176
2708204,São Brás,AL,0,-10.1141,-36.8522
2708303,São José da Laje,AL,0,-9.01278,-36.0515
2708402,São José da Tapera,AL,0,-9.55768,-37.3831
2708501,São Luís do Quitunde,AL,0,-9.31816,-35.5606
2708600,São Miguel dos Campos,AL,0,-9.78301,-36.0971
2708709,São Miguel dos Milagres,AL,0,-9.26493,-35.3763
2708808,São Sebastião,AL,0,-9.93043,-36.559
2708907,Satuba,AL,0,-9.56911,-35.8227
2708956,Senador Rui Palmeira,AL,0,-9.46986,-37.4576
2709004,Tanque d'Arca,AL,0,-9.53379,-36.4366
2709103,Taquarana,AL,0,-9.64529,-36.4928
2709152,Teotônio Vilela,AL,0,-9.91656,-36.3492
2709202,Traipu,AL,0,-9.96262,-37.0071
2709301,União dos Palmares,AL,0,-9.15921,-36.0223
2709400,Viçosa,AL,0,-9.36763,-36.2431
2800100,Amparo de São Francisco,SE,0,-10.1348,-36.935
2800209,Aquidabã,SE,0,-10.278,-37.0148
2800308,Aracaju,SE,1,-10.9091,-37.0677
2800407,Arauá,SE,0,-11.2614,-37.6201
2800506,Areia Branca,SE,0,-10.758,-37.3251
2800605,Barra dos Coqueiros,SE,0,-10.8996,-37.0323
2800670,Boquim,SE,0,-11.1397,-37.6195
2800704,Brejo Grande,SE,0,-10.4297,-36.4611
2801009,Campo do Brito,SE,0,-10.7392,-37.4954
2801108,Canhoba,SE,0,-10.1365,-36.9806
2801207,Canindé de São Francisco,SE,0,-9.64882,-37.7923
2801306,Capela,SE,0,-10.5069,-37.0628
2801405,Carira,SE,0,-10.3524,-37.7002
2801504,Carmópolis,SE,0,-10.6449,-36.9887
2801603,Cedro de São João,SE,0,-10.2534,-36.8856
2801702,Cristinápolis,SE,0,-11.4668,-37.7585
2801900,Cumbe,SE,0,-10.352,-37.1846
2802007,Divina Pastora,SE,0,-10.6782,-37.1506
2802106,Estância,SE,0,-11.2659,-37.4484
2802205,Feira Nova,SE,0,-10.2616,-37.3147
2802304,Frei Paulo,SE,0,-10.5513,-37.5279
2802403,Gararu,SE,0,-9.9722,-37.0869
2802502,General Maynard,SE,0,-10.6835,-36.9838
2802601,Gracho Cardoso,SE,0,-10.2252,-37.2006
2802700,Ilha das Flores,SE,0,-10.4425,-36.5479
2802809,Indiaroba,SE,0,-11.5157,-37.515
2802908,Itabaiana,SE,0,-10.6826,-37.4273
2803005,Itabaianinha,SE,0,-11.2693,-37.7875
2803104,Itabi,SE,0,-10.1248,-37.1056
2803203,Itaporanga d'Ajuda,SE,0,-10.99,-37.3078
2803302,Japaratuba,SE,0,-10.5849,-36.9418
2803401,Japoatã,SE,0,-10.3477,-36.8045
2803500,Lagarto,SE,0,-10.9136,-37.6689
2803609,Laranjeiras,SE,0,-10.7981,-37.1731
2803708,Macambira,SE,0,-10.6619,-37.5413
2803807,Malhada dos Bois,SE,0,-10.3418,-36.9252
2803906,Malhador,SE,0,-10.6649,-37.3004
2804003,Maruim,SE,0,-10.7308,-37.0856
2804102,Moita Bonita,SE,0,-10.5769,-37.3512
2804201,Monte Alegre de Sergipe,SE,0,-10.0256,-37.5616
2804300,Muribeca,SE,0,-10.4271,-36.9588
2804409,Neópolis,SE,0,-10.3215,-36.585
2804458,Nossa Senhora Aparecida,SE,0,-10.3944,-37.4517
2804508,Nossa Senhora da Glória,SE,0,-10.2158,-37.4211
2804607,Nossa Senhora das Dores,SE,0,-10.4854,-37.1963
2804706,Nossa Senhora de Lourdes,SE,0,-10.0772,-37.0615
2804805,Nossa Senhora do Socorro,SE,0,-10.8468,-37.1231
2804904,Pacatuba,SE,0,-10.4538,-36.6531
2805000,Pedra Mole,SE,0,-10.6134,-37.6922
2805109,Pedrinhas,SE,0,-11.1902,-37.6775
2805208,Pinhão,SE,0,-10.5677,-37.7242
2805307,Pirambu,SE,0,-10.7215,-36.8544
2805406,Poço Redondo,SE,0,-9.80616,-37.6833
2805505,Poço Verde,SE,0,-10.7151,-38.1813
2805604,Porto da Folha,SE,0,-9.91626,-37.2842
2805703,Propriá,SE,0,-10.2138,-36.8442
2805802,Riachão do Dantas,SE,0,-11.0729,-37.731
2805901,Riachuelo,SE,0,-10.735,-37.1966
2806008,Ribeirópolis,SE,0,-10.5357,-37.438
2806107,Rosário do Catete,SE,0,-10.6904,-37.0357
2806206,Salgado,SE,0,-11.0288,-37.4804
2806305,Santa Luzia do Itanhy,SE,0,-11.3536,-37.4586
2806404,Santana do São Francisco,SE,0,-10.2922,-36.6105
2806503,Santa Rosa de Lima,SE,0,-10.6434,-37.1931
2806602,Santo Amaro das Brotas,SE,0,-10.7892,-37.0564
2806701,São Cristóvão,SE,0,-11.0084,-37.2044
2806800,São Domingos,SE,0,-10.7916,-37.5685
2806909,São Francisco,SE,0,-10.3442,-36.8869
2807006,São Miguel do Aleixo,SE,0,-10.3847,-37.3836
2807105,Simão Dias,SE,0,-10.7387,-37.8097
2807204,Siriri,SE,0,-10.5965,-37.1131
2807303,Telha,SE,0,-10.2064,-36.8818
2807402,Tobias Barreto,SE,0,-11.1798,-37.9995
2807501,Tomar do Geru,SE,0,-11.3694,-37.8433
2807600,Umbaúba,SE,0,-11.3809,-37.6623
2900108,Abaíra,BA,0,-13.2488,-41.6619
2900207,Abaré,BA,0,-8.72073,-39.1162
2900306,Acajutiba,BA,0,-11.6575,-38.0197
2900355,Adustina,BA,0,-10.5437,-38.1113
2900405,Água Fria,BA,0,-11.8618,-38.7639
2900504,Érico Cardoso,BA,0,-13.4215,-42.1352
2900603,Aiquara,BA,0,-14.1269,-39.8937
2900702,Alagoinhas,BA,0,-12.1335,-38.4208
2900801,Alcobaça,BA,0,-17.5195,-39.2036
2900900,Almadina,BA,0,-14.7089,-39.6415
2901007,Amargosa,BA,0,-13.0215,-39.602
2901106,Amélia Rodrigues,BA,0,-12.3914,-38.7563
2901155,América Dourada,BA,0,-11.4429,-41.439
2901205,Anagé,BA,0,-14.6151,-41.1356
2901304,Andaraí,BA,0,-12.8049,-41.3297
2901353,Andorinha,BA,0,-10.3482,-39.8391
2901403,Angical,BA,0,-12.0063,-44.7003
2901502,Anguera,BA,0,-12.1462,-39.2462
2901601,Antas,BA,0,-10.3856,-38.3401
2901700,Antônio Cardoso,BA,0,-12.4335,-39.1176
2901809,Antônio Gonçalves,BA,0,-10.5767,-40.2785
2901908,Aporá,BA,0,-11.6577,-38.0814
2901957,Apuarema,BA,0,-13.8542,-39.7501
2902005,Aracatu,BA,0,-14.428,-41.4648
2902054,Araças,BA,0,-12.22,-38.2027
2902104,Araci,BA,0,-11.3253,-38.9584
2902203,Aramari,BA,0,-12.0884,-38.4969
2902252,Arataca,BA,0,-15.2651,-39.419
2902302,Aratuípe,BA,0,-13.0716,-39.0038
2902401,Aurelino Leal,BA,0,-14.321,-39.329
2902500,Baianópolis,BA,0,-12.3016,-44.5388
2902609,Baixa Grande,BA,0,-11.9519,-40.169
2902658,Banzaê,BA,0,-10.5788,-38.6212
2902708,Barra,BA,0,-11.0859,-43.1459
2902807,Barra da Estiva,BA,0,-13.6237,-41.3347
2902906,Barra do Choça,BA,0,-14.8654,-40.5791
2903003,Barra do Mendes,BA,0,-11.81,-42.059
2903102,Barra do Rocha,BA,0,-14.2,-39.5991
2903201,Barreiras,BA,0,-12.1439,-44.9968
2903235,Barro Alto,BA,0,-11.7605,-41.9054
2903276,Barrocas,BA,0,-11.5272,-39.0776
2903300,Barro Preto,BA,0,-14.7948,-39.476
2903409,Belmonte,BA,0,-15.8608,-38.8758
2903508,Belo Campo,BA,0,-15.0334,-41.2652
2903607,Biritinga,BA,0,-11.6072,-38.8051
2903706,Boa Nova,BA,0,-14.3598,-40.2064
2903805,Boa Vista do Tupim,BA,0,-12.6498,-40.6064
2903904,Bom Jesus da Lapa,BA,0,-13.2506,-43.4108
2903953,Bom Jesus da Serra,BA,0,-14.3663,-40.5126
2904001,Boninal,BA,0,-12.7069,-41.8286
2904050,Bonito,BA,0,-11.9668,-41.2647
2904100,Boquira,BA,0,-12.8205,-42.7324
2904209,Botuporã,BA,0,-13.3772,-42.5163
2904308,Brejões,BA,0,-13.1039,-39.7988
2904407,Brejolândia,BA,0,-12.4815,-43.9679
2904506,Brotas de Macaúbas,BA,0,-11.9915,-42.6326
2904605,Brumado,BA,0,-14.2021,-41.6696
2904704,Buerarema,BA,0,-14.9595,-39.3028
2904753,Buritirama,BA,0,-10.7171,-43.6302
2904803,Caatiba,BA,0,-14.9699,-40.4092
2904852,Cabaceiras do Paraguaçu,BA,0,-12.5317,-39.1902
2904902,Cachoeira,BA,0,-12.5994,-38.9587
2905008,Caculé,BA,0,-14.5003,-42.2229
2905107,Caém,BA,0,-11.0677,-40.432
2905156,Caetanos,BA,0,-14.3347,-40.9175
2905206,Caetité,BA,0,-14.0684,-42.4861
2905305,Cafarnaum,BA,0,-11.6914,-41.4688
2905404,Cairu,BA,0,-13.4904,-39.0465
2905503,Caldeirão Grande,BA,0,-11.0208,-40.2956
2905602,Camacan,BA,0,-15.4142,-39.4919
2905701,Camaçari,BA,0,-12.6996,-38.3263
2905800,Camamu,BA,0,-13.9398,-39.1071
2905909,Campo Alegre de Lourdes,BA,0,-9.52221,-43.0126
2906006,Campo Formoso,BA,0,-10.5105,-40.32
2906105,Canápolis,BA,0,-13.0725,-44.201
2906204,Canarana,BA,0,-11.6858,-41.7677
2906303,Canavieiras,BA,0,-15.6722,-38.9536
2906402,Candeal,BA,0,-11.8049,-39.1203
2906501,Candeias,BA,0,-12.6716,-38.5472
2906600,Candiba,BA,0,-14.4097,-42.8667
2906709,Cândido Sales,BA,0,-15.4993,-41.2414
2906808,Cansanção,BA,0,-10.6647,-39.4944
2906824,Canudos,BA,0,-9.90014,-39.1471
2906857,Capela do Alto Alegre,BA,0,-11.6658,-39.8349
2906873,Capim Grosso,BA,0,-11.3797,-40.0089
2906899,Caraíbas,BA,0,-14.7177,-41.2603
2906907,Caravelas,BA,0,-17.7268,-39.2597
2907004,Cardeal da Silva,BA,0,-11.9472,-37.9469
2907103,Carinhanha,BA,0,-14.2985,-43.7724
2907202,Casa Nova,BA,0,-9.16408,-40.974
2907301,Castro Alves,BA,0,-12.7579,-39.4248
2907400,Catolândia,BA,0,-12.31,-44.8648
2907509,Catu,BA,0,-12.3513,-38.3791
2907558,Caturama,BA,0,-13.3239,-42.2904
2907608,Central,BA,0,-11.1376,-42.1116
2907707,Chorrochó,BA,0,-8.9695,-39.0979
2907806,Cícero Dantas,BA,0,-10.5897,-38.3794
2907905,Cipó,BA,0,-11.1032,-38.5179
2908002,Coaraci,BA,0,-14.637,-39.5556
2908101,Cocos,BA,0,-14.1814,-44.5352
2908200,Conceição da Feira,BA,0,-12.5078,-38.9978
2908309,Conceição do Almeida,BA,0,-12.7836,-39.1715
2908408,Conceição do Coité,BA,0,-11.56,-39.2808
2908507,Conceição do Jacuípe,BA,0,-12.3268,-38.7684
2908606,Conde,BA,0,-11.8179,-37.6131
2908705,Condeúba,BA,0,-14.9022,-41.9718
2908804,Contendas do Sincorá,BA,0,-13.7537,-41.048
2908903,Coração de Maria,BA,0,-12.2333,-38.7487
2909000,Cordeiros,BA,0,-15.0356,-41.9308
2909109,Coribe,BA,0,-13.8232,-44.4586
2909208,Coronel João Sá,BA,0,-10.2847,-37.9198
2909307,Correntina,BA,0,-13.3477,-44.6333
2909406,Cotegipe,BA,0,-12.0228,-44.2566
2909505,Cravolândia,BA,0,-13.3531,-39.8031
2909604,Crisópolis,BA,0,-11.5059,-38.1515
2909703,Cristópolis,BA,0,-12.2249,-44.4214
2909802,Cruz das Almas,BA,0,-12.6675,-39.1008
2909901,Curaçá,BA,0,-8.98458,-39.8997
2910008,Dário Meira,BA,0,-14.4229,-39.9031
2910057,Dias d'Ávila,BA,0,-12.6187,-38.2926
2910107,Dom Basílio,BA,0,-13.7565,-41.7677
2910206,Dom Macedo Costa,BA,0,-12.9016,-39.1923
2910305,Elísio Medrado,BA,0,-12.9417,-39.5191
2910404,Encruzilhada,BA,0,-15.5302,-40.9124
2910503,Entre Rios,BA,0,-11.9392,-38.0871
2910602,Esplanada,BA,0,-11.7942,-37.9432
2910701,Euclides da Cunha,BA,0,-10.5078,-39.0153
2910727,Eunápolis,BA,0,-16.3715,-39.5821
2910750,Fátima,BA,0,-10.616,-38.2239
2910776,Feira da Mata,BA,0,-14.2044,-44.2744
2910800,Feira de Santana,BA,0,-12.2664,-38.9663
2910859,Filadélfia,BA,0,-10.7405,-40.1437
2910909,Firmino Alves,BA,0,-14.9823,-39.9269
2911006,Floresta Azul,BA,0,-14.8629,-39.6579
2911105,Formosa do Rio Preto,BA,0,-11.0328,-45.193
2911204,Gandu,BA,0,-13.7441,-39.4747
2911253,Gavião,BA,0,-11.4688,-39.7757
2911303,Gentio do Ouro,BA,0,-11.4342,-42.5077
2911402,Glória,BA,0,-9.34382,-38.2544
2911501,Gongogi,BA,0,-14.3195,-39.469
2911600,Governador Mangabeira,BA,0,-12.5994,-39.0412
2911659,Guajeru,BA,0,-14.5467,-41.9381
2911709,Guanambi,BA,0,-14.2231,-42.7799
2911808,Guaratinga,BA,0,-16.5833,-39.7847
2911857,Heliópolis,BA,0,-10.6825,-38.2907
2911907,Iaçu,BA,0,-12.7666,-40.2056
2912004,Ibiassucê,BA,0,-14.2711,-42.257
2912103,Ibicaraí,BA,0,-14.8579,-39.5914
2912202,Ibicoara,BA,0,-13.4059,-41.284
2912301,Ibicuí,BA,0,-14.845,-39.9879
2912400,Ibipeba,BA,0,-11.6438,-42.0195
2912509,Ibipitanga,BA,0,-12.8804,-42.4856
2912608,Ibiquera,BA,0,-12.6444,-40.9338
2912707,Ibirapitanga,BA,0,-14.1649,-39.3787
2912806,Ibirapuã,BA,0,-17.6832,-40.1129
2912905,Ibirataia,BA,0,-14.0643,-39.6459
2913002,Ibitiara,BA,0,-12.6502,-42.2179
2913101,Ibititá,BA,0,-11.5414,-41.9748
2913200,Ibotirama,BA,0,-12.1779,-43.2167
2913309,Ichu,BA,0,-11.7431,-39.1905
2913408,Igaporã,BA,0,-13.774,-42.7155
2913457,Igrapiúna,BA,0,-13.8295,-39.1361
2913507,Iguaí,BA,0,-14.7528,-40.0894
2913606,Ilhéus,BA,0,-14.793,-39.046
2913705,Inhambupe,BA,0,-11.781,-38.355
2913804,Ipecaetá,BA,0,-12.3028,-39.3069
2913903,Ipiaú,BA,0,-14.1226,-39.7353
2914000,Ipirá,BA,0,-12.1561,-39.7359
2914109,Ipupiara,BA,0,-11.8219,-42.6179
2914208,Irajuba,BA,0,-13.2563,-40.0848
2914307,Iramaia,BA,0,-13.2902,-40.9595
2914406,Iraquara,BA,0,-12.2429,-41.6155
2914505,Irará,BA,0,-12.0504,-38.7631
2914604,Irecê,BA,0,-11.3033,-41.8535
2914653,Itabela,BA,0,-16.5732,-39.5593
2914703,Itaberaba,BA,0,-12.5242,-40.3059
2914802,Itabuna,BA,0,-14.7876,-39.2781
2914901,Itacaré,BA,0,-14.2784,-38.9959
2915007,Itaeté,BA,0,-12.9831,-40.9677
2915106,Itagi,BA,0,-14.1615,-40.0131
2915205,Itagibá,BA,0,-14.2782,-39.8449
2915304,Itagimirim,BA,0,-16.0819,-39.6133
2915353,Itaguaçu da Bahia,BA,0,-11.0147,-42.3997
2915403,Itaju do Colônia,BA,0,-15.1366,-39.7283
2915502,Itajuípe,BA,0,-14.6788,-39.3698
2915601,Itamaraju,BA,0,-17.0378,-39.5386
2915700,Itamari,BA,0,-13.7782,-39.683
2915809,Itambé,BA,0,-15.2429,-40.63
2915908,Itanagra,BA,0,-12.2614,-38.0436
2916005,Itanhém,BA,0,-17.1642,-40.3321
2916104,Itaparica,BA,0,-12.8932,-38.68
2916203,Itapé,BA,0,-14.8876,-39.4239
2916302,Itapebi,BA,0,-15.9551,-39.5329
2916401,Itapetinga,BA,0,-15.2475,-40.2482
2916500,Itapicuru,BA,0,-11.3088,-38.2262
2916609,Itapitanga,BA,0,-14.4139,-39.5657
2916708,Itaquara,BA,0,-13.4459,-39.9378
2916807,Itarantim,BA,0,-15.6528,-40.065
2916856,Itatim,BA,0,-12.7099,-39.6952
2916906,Itiruçu,BA,0,-13.529,-40.1472
2917003,Itiúba,BA,0,-10.6948,-39.8446
2917102,Itororó,BA,0,-15.11,-40.0684
2917201,Ituaçu,BA,0,-13.8107,-41.3003
2917300,Ituberá,BA,0,-13.7249,-39.1481
2917334,Iuiú,BA,0,-14.4054,-43.5595
2917359,Jaborandi,BA,0,-13.6071,-44.4255
2917409,Jacaraci,BA,0,-14.8541,-42.4329
2917508,Jacobina,BA,0,-11.1812,-40.5117
2917607,Jaguaquara,BA,0,-13.5248,-39.964
2917706,Jaguarari,BA,0,-10.2569,-40.1999
2917805,Jaguaripe,BA,0,-13.1109,-38.8939
2917904,Jandaíra,BA,0,-11.5616,-37.7853
2918001,Jequié,BA,0,-13.8509,-40.0877
2918100,Jeremoabo,BA,0,-10.0685,-38.3471
2918209,Jiquiriçá,BA,0,-13.2621,-39.5737
2918308,Jitaúna,BA,0,-14.0131,-39.8969
2918357,João Dourado,BA,0,-11.3486,-41.6548
2918407,Juazeiro,BA,0,-9.41622,-40.5033
2918456,Jucuruçu,BA,0,-16.8488,-40.1641
2918506,Jussara,BA,0,-11.0431,-41.9702
2918555,Jussari,BA,0,-15.192,-39.491
2918605,Jussiape,BA,0,-13.5155,-41.5882
2918704,Lafaiete Coutinho,BA,0,-13.6541,-40.2119
2918753,Lagoa Real,BA,0,-14.0334,-42.1328
2918803,Laje,BA,0,-13.1673,-39.4213
2918902,Lajedão,BA,0,-17.6056,-40.3383
2919009,Lajedinho,BA,0,-12.3529,-40.9048
2919058,Lajedo do Tabocal,BA,0,-13.4663,-40.2204
2919108,Lamarão,BA,0,-11.773,-38.887
2919157,Lapão,BA,0,-11.3851,-41.8286
2919207,Lauro de Freitas,BA,0,-12.8978,-38.321
2919306,Lençóis,BA,0,-12.5616,-41.3928
2919405,Licínio de Almeida,BA,0,-14.6842,-42.5095
2919504,Livramento de Nossa Senhora,BA,0,-13.6369,-41.8432
2919553,Luís Eduardo Magalhães,BA,0,-12.0956,-45.7866
2919603,Macajuba,BA,0,-12.1326,-40.3571
2919702,Macarani,BA,0,-15.5646,-40.4209
2919801,Macaúbas,BA,0,-13.0186,-42.6945
2919900,Macururé,BA,0,-9.16226,-39.0518
2919926,Madre de Deus,BA,0,-12.7446,-38.6153
2919959,Maetinga,BA,0,-14.6623,-41.4915
2920007,Maiquinique,BA,0,-15.624,-40.2587
2920106,Mairi,BA,0,-11.7107,-40.1437
2920205,Malhada,BA,0,-14.3371,-43.7686
2920304,Malhada de Pedras,BA,0,-14.3847,-41.8842
2920403,Manoel Vitorino,BA,0,-14.1476,-40.2399
2920452,Mansidão,BA,0,-10.7227,-44.0428
2920502,Maracás,BA,0,-13.4355,-40.4323
2920601,Maragogipe,BA,0,-12.776,-38.9175
2920700,Maraú,BA,0,-14.1035,-39.0137
2920809,Marcionílio Souza,BA,0,-13.0064,-40.5295
2920908,Mascote,BA,0,-15.5542,-39.3016
2921005,Mata de São João,BA,0,-12.5307,-38.3009
2921054,Matina,BA,0,-13.9109,-42.8439
2921104,Medeiros Neto,BA,0,-17.3707,-40.2238
2921203,Miguel Calmon,BA,0,-11.4299,-40.6031
2921302,Milagres,BA,0,-12.8646,-39.8611
2921401,Mirangaba,BA,0,-10.961,-40.574
2921450,Mirante,BA,0,-14.2385,-40.7718
2921500,Monte Santo,BA,0,-10.4374,-39.3321
2921609,Morpará,BA,0,-11.5569,-43.2766
2921708,Morro do Chapéu,BA,0,-11.5488,-41.1565
2921807,Mortugaba,BA,0,-15.0225,-42.3727
2921906,Mucugê,BA,0,-13.0053,-41.3703
2922003,Mucuri,BA,0,-18.0754,-39.5565
2922052,Mulungu do Morro,BA,0,-11.9648,-41.6374
2922102,Mundo Novo,BA,0,-11.8541,-40.4714
2922201,Muniz Ferreira,BA,0,-13.0092,-39.1092
2922250,Muquém de São Francisco,BA,0,-12.065,-43.5497
2922300,Muritiba,BA,0,-12.6329,-38.9921
2922409,Mutuípe,BA,0,-13.2284,-39.5044
2922508,Nazaré,BA,0,-13.0235,-39.0108
2922607,Nilo Peçanha,BA,0,-13.604,-39.1091
2922656,Nordestina,BA,0,-10.8192,-39.4297
2922706,Nova Canaã,BA,0,-14.7912,-40.1458
2922730,Nova Fátima,BA,0,-11.6031,-39.6302
2922755,Nova Ibiá,BA,0,-13.812,-39.6182
2922805,Nova Itarana,BA,0,-13.0241,-40.0653
2922854,Nova Redenção,BA,0,-12.815,-41.0748
2922904,Nova Soure,BA,0,-11.2329,-38.4871
2923001,Nova Viçosa,BA,0,-17.8926,-39.3743
2923035,Novo Horizonte,BA,0,-12.8083,-42.1682
2923050,Novo Triunfo,BA,0,-10.3182,-38.4014
2923100,Olindina,BA,0,-11.3497,-38.3379
2923209,Oliveira dos Brejinhos,BA,0,-12.3132,-42.8969
2923308,Ouriçangas,BA,0,-12.0175,-38.6166
2923357,Ourolândia,BA,0,-10.9578,-41.0756
2923407,Palmas de Monte Alto,BA,0,-14.2676,-43.1609
2923506,Palmeiras,BA,0,-12.5059,-41.5809
2923605,Paramirim,BA,0,-13.4388,-42.2395
2923704,Paratinga,BA,0,-12.687,-43.1798
2923803,Paripiranga,BA,0,-10.6859,-37.8626
2923902,Pau Brasil,BA,0,-15.4572,-39.6458
2924009,Paulo Afonso,BA,0,-9.3983,-38.2216
2924058,Pé de Serra,BA,0,-11.8313,-39.611
2924108,Pedrão,BA,0,-12.1491,-38.6487
2924207,Pedro Alexandre,BA,0,-10.012,-37.8932
2924306,Piatã,BA,0,-13.1465,-41.7702
2924405,Pilão Arcado,BA,0,-10.0051,-42.4936
2924504,Pindaí,BA,0,-14.4921,-42.686
2924603,Pindobaçu,BA,0,-10.7433,-40.3675
2924652,Pintadas,BA,0,-11.8117,-39.9009
2924678,Piraí do Norte,BA,0,-13.759,-39.3836
2924702,Piripá,BA,0,-14.9444,-41.7168
2924801,Piritiba,BA,0,-11.73,-40.5587
2924900,Planaltino,BA,0,-13.2618,-40.3695
2925006,Planalto,BA,0,-14.6654,-40.4718
2925105,Poções,BA,0,-14.5234,-40.3634
2925204,Pojuca,BA,0,-12.4303,-38.3374
2925253,Ponto Novo,BA,0,-10.8653,-40.1311
2925303,Porto Seguro,BA,0,-16.4435,-39.0643
2925402,Potiraguá,BA,0,-15.5943,-39.8638
2925501,Prado,BA,0,-17.3364,-39.2227
2925600,Presidente Dutra,BA,0,-11.2923,-41.9843
2925709,Presidente Jânio Quadros,BA,0,-14.6885,-41.6798
2925758,Presidente Tancredo Neves,BA,0,-13.4471,-39.4203
2925808,Queimadas,BA,0,-10.9736,-39.6293
2925907,Quijingue,BA,0,-10.7505,-39.2137
2925931,Quixabeira,BA,0,-11.4031,-40.12
2925956,Rafael Jambeiro,BA,0,-12.4053,-39.5007
2926004,Remanso,BA,0,-9.61944,-42.0848
2926103,Retirolândia,BA,0,-11.4832,-39.4234
2926202,Riachão das Neves,BA,0,-11.7508,-44.9143
2926301,Riachão do Jacuípe,BA,0,-11.8067,-39.3818
2926400,Riacho de Santana,BA,0,-13.6059,-42.9397
2926509,Ribeira do Amparo,BA,0,-11.0421,-38.4242
2926608,Ribeira do Pombal,BA,0,-10.8373,-38.5382
2926657,Ribeirão do Largo,BA,0,-15.4508,-40.7441
2926707,Rio de Contas,BA,0,-13.5852,-41.8048
2926806,Rio do Antônio,BA,0,-14.4071,-42.0721
2926905,Rio do Pires,BA,0,-13.1185,-42.2902
2927002,Rio Real,BA,0,-11.4814,-37.9332
2927101,Rodelas,BA,0,-8.85021,-38.78
2927200,Ruy Barbosa,BA,0,-12.2816,-40.4931
2927309,Salinas da Margarida,BA,0,-12.873,-38.7562
2927408,Salvador,BA,1,-12.9718,-38.5011
2927507,Santa Bárbara,BA,0,-11.9515,-38.9681
2927606,Santa Brígida,BA,0,-9.73227,-38.1209
2927705,Santa Cruz Cabrália,BA,0,-16.2825,-39.0295
2927804,Santa Cruz da Vitória,BA,0,-14.964,-39.8115
2927903,Santa Inês,BA,0,-13.2793,-39.814
2928000,Santaluz,BA,0,-11.2508,-39.375
2928059,Santa Luzia,BA,0,-15.4342,-39.3287
2928109,Santa Maria da Vitória,BA,0,-13.3859,-44.2011
2928208,Santana,BA,0,-12.9792,-44.0506
2928307,Santanópolis,BA,0,-12.0311,-38.8694
2928406,Santa Rita de Cássia,BA,0,-11.0063,-44.5255
2928505,Santa Teresinha,BA,0,-12.7697,-39.5215
2928604,Santo Amaro,BA,0,-12.5472,-38.7137
2928703,Santo Antônio de Jesus,BA,0,-12.9614,-39.2584
2928802,Santo Estêvão,BA,0,-12.428,-39.2505
2928901,São Desidério,BA,0,-12.3572,-44.9769
2928950,São Domingos,BA,0,-11.4649,-39.5268
2929008,São Félix,BA,0,-12.6104,-38.9727
2929057,São Félix do Coribe,BA,0,-13.4019,-44.1837
2929107,São Felipe,BA,0,-12.8394,-39.0893
2929206,São Francisco do Conde,BA,0,-12.6183,-38.6786
2929255,São Gabriel,BA,0,-11.2175,-41.8843
2929305,São Gonçalo dos Campos,BA,0,-12.4331,-38.9663
2929354,São José da Vitória,BA,0,-15.0787,-39.3437
2929370,São José do Jacuípe,BA,0,-11.4137,-39.8669
2929404,São Miguel das Matas,BA,0,-13.0434,-39.4578
2929503,São Sebastião do Passé,BA,0,-12.5123,-38.4905
2929602,Sapeaçu,BA,0,-12.7208,-39.1824
2929701,Sátiro Dias,BA,0,-11.5929,-38.5938
2929750,Saubara,BA,0,-12.7387,-38.7625
2929800,Saúde,BA,0,-10.9428,-40.4155
2929909,Seabra,BA,0,-12.4169,-41.7722
2930006,Sebastião Laranjeiras,BA,0,-14.571,-42.9434
2930105,Senhor do Bonfim,BA,0,-10.4594,-40.1865
2930154,Serra do Ramalho,BA,0,-13.5659,-43.5929
2930204,Sento Sé,BA,0,-9.74138,-41.8786
2930303,Serra Dourada,BA,0,-12.759,-43.9504
2930402,Serra Preta,BA,0,-12.156,-39.3305
2930501,Serrinha,BA,0,-11.6584,-39.01
2930600,Serrolândia,BA,0,-11.4085,-40.2983
2930709,Simões Filho,BA,0,-12.7866,-38.4029
2930758,Sítio do Mato,BA,0,-13.0801,-43.4689
2930766,Sítio do Quinto,BA,0,-10.3545,-38.2213
2930774,Sobradinho,BA,0,-9.45024,-40.8145
2930808,Souto Soares,BA,0,-12.088,-41.6427
2930907,Tabocas do Brejo Velho,BA,0,-12.7026,-44.0075
2931004,Tanhaçu,BA,0,-14.0197,-41.2473
2931053,Tanque Novo,BA,0,-13.5485,-42.4934
2931103,Tanquinho,BA,0,-11.968,-39.1033
2931202,Taperoá,BA,0,-13.5321,-39.1009
2931301,Tapiramutá,BA,0,-11.8475,-40.7927
2931350,Teixeira de Freitas,BA,0,-17.5399,-39.74
2931400,Teodoro Sampaio,BA,0,-12.295,-38.6347
2931509,Teofilândia,BA,0,-11.4827,-38.9913
2931608,Teolândia,BA,0,-13.5896,-39.484
2931707,Terra Nova,BA,0,-12.3888,-38.6238
2931806,Tremedal,BA,0,-14.9736,-41.4142
2931905,Tucano,BA,0,-10.9584,-38.7894
2932002,Uauá,BA,0,-9.83325,-39.4794
2932101,Ubaíra,BA,0,-13.2714,-39.666
2932200,Ubaitaba,BA,0,-14.303,-39.3222
2932309,Ubatã,BA,0,-14.2063,-39.5207
2932408,Uibaí,BA,0,-11.3394,-42.1354
2932457,Umburanas,BA,0,-10.7339,-41.3234
2932507,Una,BA,0,-15.2791,-39.0765
2932606,Urandi,BA,0,-14.7678,-42.6498
2932705,Uruçuca,BA,0,-14.5963,-39.2851
2932804,Utinga,BA,0,-12.0783,-41.0954
2932903,Valença,BA,0,-13.3669,-39.073
2933000,Valente,BA,0,-11.4062,-39.457
2933059,Várzea da Roça,BA,0,-11.6005,-40.1328
2933109,Várzea do Poço,BA,0,-11.5273,-40.3149
2933158,Várzea Nova,BA,0,-11.2557,-40.9432
2933174,Varzedo,BA,0,-12.9672,-39.3919
2933208,Vera Cruz,BA,0,-12.9568,-38.6153
2933257,Vereda,BA,0,-17.2183,-40.0974
2933307,Vitória da Conquista,BA,0,-14.8615,-40.8442
2933406,Wagner,BA,0,-12.2819,-41.1715
2933455,Wanderley,BA,0,-12.1144,-43.8958
2933505,Wenceslau Guimarães,BA,0,-13.6908,-39.4762
2933604,Xique-Xique,BA,0,-10.823,-42.7245
3100104,Abadia dos Dourados,MG,0,-18.4831,-47.3916
3100203,Abaeté,MG,0,-19.1551,-45.4444
3100302,Abre Campo,MG,0,-20.2996,-42.4743
3100401,Acaiaca,MG,0,-20.359,-43.1439
3100500,Açucena,MG,0,-19.0671,-42.5419
3100609,Água Boa,MG,0,-17.9914,-42.3806
3100708,Água Comprida,MG,0,-20.0576,-48.1069
3100807,Aguanil,MG,0,-20.9439,-45.3915
3100906,Águas Formosas,MG,0,-17.0802,-40.9384
3101003,Águas Vermelhas,MG,0,-15.7431,-41.4571
3101102,Aimorés,MG,0,-19.5007,-41.0746
3101201,Aiuruoca,MG,0,-21.9736,-44.6042
3101300,Alagoa,MG,0,-22.171,-44.6413
3101409,Albertina,MG,0,-22.2018,-46.6139
3101508,Além Paraíba,MG,0,-21.8797,-42.7176
3101607,Alfenas,MG,0,-21.4256,-45.9477
3101631,Alfredo Vasconcelos,MG,0,-21.1535,-43.7718
3101706,Almenara,MG,0,-16.1785,-40.6942
3101805,Alpercata,MG,0,-18.974,-41.97
3101904,Alpinópolis,MG,0,-20.8631,-46.3878
3102001,Alterosa,MG,0,-21.2488,-46.1387
3102050,Alto Caparaó,MG,0,-20.431,-41.8738
3102100,Alto Rio Doce,MG,0,-21.0281,-43.4067
3102209,Alvarenga,MG,0,-19.4174,-41.7317
3102308,Alvinópolis,MG,0,-20.1098,-43.0535
3102407,Alvorada de Minas,MG,0,-18.7334,-43.3638
3102506,Amparo do Serra,MG,0,-20.5051,-42.8009
3102605,Andradas,MG,0,-22.0695,-46.5724
3102704,Cachoeira de Pajeú,MG,0,-15.9688,-41.4948
3102803,Andrelândia,MG,0,-21.7411,-44.3117
3102852,Angelândia,MG,0,-17.7279,-42.2641
3102902,Antônio Carlos,MG,0,-21.321,-43.7451
3103009,Antônio Dias,MG,0,-19.6491,-42.8732
3103108,Antônio Prado de Minas,MG,0,-21.0192,-42.1109
3103207,Araçaí,MG,0,-19.1955,-44.2493
3103306,Aracitaba,MG,0,-21.3446,-43.3736
3103405,Araçuaí,MG,0,-16.8523,-42.0637
3103504,Araguari,MG,0,-18.6456,-48.1934
3103603,Arantina,MG,0,-21.9102,-44.2555
3103702,Araponga,MG,0,-20.6686,-42.5178
3103751,Araporã,MG,0,-18.4357,-49.1847
3103801,Arapuá,MG,0,-19.0268,-46.1484
3103900,Araújos,MG,0,-19.9405,-45.1671
3104007,Araxá,MG,0,-19.5902,-46.9438
3104106,Arceburgo,MG,0,-21.359,-46.9401
3104205,Arcos,MG,0,-20.2863,-45.5373
3104304,Areado,MG,0,-21.3572,-46.1421
3104403,Argirita,MG,0,-21.6083,-42.8292
3104452,Aricanduva,MG,0,-17.8666,-42.5533
3104502,Arinos,MG,0,-15.9187,-46.1043
3104601,Astolfo Dutra,MG,0,-21.3184,-42.8572
3104700,Ataléia,MG,0,-18.0438,-41.1149
3104809,Augusto de Lima,MG,0,-18.0997,-44.2655
3104908,Baependi,MG,0,-21.957,-44.8874
3105004,Baldim,MG,0,-19.2832,-43.9613
3105103,Bambuí,MG,0,-20.0166,-45.9754
3105202,Bandeira,MG,0,-15.8783,-40.5622
3105301,Bandeira do Sul,MG,0,-21.7308,-46.3833
3105400,Barão de Cocais,MG,0,-19.9389,-43.4755
3105509,Barão de Monte Alto,MG,0,-21.2444,-42.2372
3105608,Barbacena,MG,0,-21.2214,-43.7703
3105707,Barra Longa,MG,0,-20.2869,-43.0402
3105905,Barroso,MG,0,-21.1907,-43.972
3106002,Bela Vista de Minas,MG,0,-19.8302,-43.0922
3106101,Belmiro Braga,MG,0,-21.944,-43.4084
3106200,Belo Horizonte,MG,1,-19.9102,-43.9266
3106309,Belo Oriente,MG,0,-19.2199,-42.4828
3106408,Belo Vale,MG,0,-20.4077,-44.0275
3106507,Berilo,MG,0,-16.9567,-42.4606
3106606,Bertópolis,MG,0,-17.059,-40.58
3106655,Berizal,MG,0,-15.61,-41.7432
3106705,Betim,MG,0,-19.9668,-44.2008
3106804,Bias Fortes,MG,0,-21.602,-43.7574
3106903,Bicas,MG,0,-21.7232,-43.056
3107000,Biquinhas,MG,0,-18.7754,-45.4974
3107109,Boa Esperança,MG,0,-21.0927,-45.5612
3107208,Bocaina de Minas,MG,0,-22.1697,-44.3972
3107307,Bocaiúva,MG,0,-17.1135,-43.8104
3107406,Bom Despacho,MG,0,-19.7386,-45.2622
3107505,Bom Jardim de Minas,MG,0,-21.9479,-44.1885
3107604,Bom Jesus da Penha,MG,0,-21.0148,-46.5174
3107703,Bom Jesus do Amparo,MG,0,-19.7054,-43.4782
3107802,Bom Jesus do Galho,MG,0,-19.836,-42.3165
3107901,Bom Repouso,MG,0,-22.4675,-46.144
3108008,Bom Sucesso,MG,0,-21.0329,-44.7537
3108107,Bonfim,MG,0,-20.3302,-44.2366
3108206,Bonfinópolis de Minas,MG,0,-16.568,-45.9839
3108255,Bonito de Minas,MG,0,-15.3231,-44.7543
3108305,Borda da Mata,MG,0,-22.2707,-46.1653
3108404,Botelhos,MG,0,-21.6412,-46.391
3108503,Botumirim,MG,0,-16.8657,-43.0086
3108552,Brasilândia de Minas,MG,0,-16.9999,-46.0081
3108602,Brasília de Minas,MG,0,-16.2104,-44.4299
3108701,Brás Pires,MG,0,-20.8419,-43.2406
3108800,Braúnas,MG,0,-19.0562,-42.7099
3108909,Brazópolis,MG,0,-22.4743,-45.6166
3109006,Brumadinho,MG,0,-20.151,-44.2007
3109105,Bueno Brandão,MG,0,-22.4383,-46.3491
3109204,Buenópolis,MG,0,-17.8744,-44.1775
3109253,Bugre,MG,0,-19.4231,-42.2552
3109303,Buritis,MG,0,-15.6218,-46.4221
3109402,Buritizeiro,MG,0,-17.3656,-44.9606
3109451,Cabeceira Grande,MG,0,-16.0335,-47.0862
3109501,Cabo Verde,MG,0,-21.4699,-46.3919
3109600,Cachoeira da Prata,MG,0,-19.521,-44.4544
3109709,Cachoeira de Minas,MG,0,-22.3511,-45.7809
3109808,Cachoeira Dourada,MG,0,-18.5161,-49.5039
3109907,Caetanópolis,MG,0,-19.2971,-44.4189
3110004,Caeté,MG,0,-19.8826,-43.6704
3110103,Caiana,MG,0,-20.6956,-41.9292
3110202,Cajuri,MG,0,-20.7903,-42.7925
3110301,Caldas,MG,0,-21.9183,-46.3843
3110400,Camacho,MG,0,-20.6294,-45.1593
3110509,Camanducaia,MG,0,-22.7515,-46.1494
3110608,Cambuí,MG,0,-22.6115,-46.0572
3110707,Cambuquira,MG,0,-21.854,-45.2896
3110806,Campanário,MG,0,-18.2427,-41.7355
3110905,Campanha,MG,0,-21.836,-45.4004
3111002,Campestre,MG,0,-21.7079,-46.2381
3111101,Campina Verde,MG,0,-19.5382,-49.4862
3111150,Campo Azul,MG,0,-16.5028,-44.8096
3111200,Campo Belo,MG,0,-20.8932,-45.2699
3111309,Campo do Meio,MG,0,-21.1127,-45.8273
3111408,Campo Florido,MG,0,-19.7631,-48.5716
3111507,Campos Altos,MG,0,-19.6914,-46.1725
3111606,Campos Gerais,MG,0,-21.237,-45.7569
3111705,Canaã,MG,0,-20.6869,-42.6167
3111804,Canápolis,MG,0,-18.7212,-49.2035
3111903,Cana Verde,MG,0,-21.0232,-45.1801
3112000,Candeias,MG,0,-20.7692,-45.2765
3112059,Cantagalo,MG,0,-18.5248,-42.6223
3112109,Caparaó,MG,0,-20.5289,-41.9061
3112208,Capela Nova,MG,0,-20.9179,-43.622
3112307,Capelinha,MG,0,-17.6888,-42.5147
3112406,Capetinga,MG,0,-20.6163,-47.0571
3112505,Capim Branco,MG,0,-19.5471,-44.1304
3112604,Capinópolis,MG,0,-18.6862,-49.5706
3112653,Capitão Andrade,MG,0,-19.0748,-41.8614
3112703,Capitão Enéas,MG,0,-16.3265,-43.7084
3112802,Capitólio,MG,0,-20.6164,-46.0493
3112901,Caputira,MG,0,-20.1703,-42.2683
3113008,Caraí,MG,0,-17.1862,-41.7004
3113107,Caranaíba,MG,0,-20.8707,-43.7417
3113206,Carandaí,MG,0,-20.9566,-43.811
3113305,Carangola,MG,0,-20.7343,-42.0313
3113404,Caratinga,MG,0,-19.7868,-42.1292
3113503,Carbonita,MG,0,-17.5255,-43.0137
3113602,Careaçu,MG,0,-22.0424,-45.696
3113701,Carlos Chagas,MG,0,-17.6973,-40.7723
3113800,Carmésia,MG,0,-19.0877,-43.1382
3113909,Carmo da Cachoeira,MG,0,-21.4633,-45.2201
3114006,Carmo da Mata,MG,0,-20.5575,-44.8735
3114105,Carmo de Minas,MG,0,-22.1204,-45.1307
3114204,Carmo do Cajuru,MG,0,-20.1912,-44.7664
3114303,Carmo do Paranaíba,MG,0,-18.991,-46.3167
3114402,Carmo do Rio Claro,MG,0,-20.9736,-46.1149
3114501,Carmópolis de Minas,MG,0,-20.5396,-44.6336
3114550,Carneirinho,MG,0,-19.6987,-50.6894
3114600,Carrancas,MG,0,-21.4898,-44.6446
3114709,Carvalhópolis,MG,0,-21.7735,-45.8421
3114808,Carvalhos,MG,0,-22.0,-44.4632
3114907,Casa Grande,MG,0,-20.7925,-43.9343
3115003,Cascalho Rico,MG,0,-18.5772,-47.8716
3115102,Cássia,MG,0,-20.5831,-46.9201
3115201,Conceição da Barra de Minas,MG,0,-21.1316,-44.4729
3115300,Cataguases,MG,0,-21.3924,-42.6896
3115359,Catas Altas,MG,0,-20.0734,-43.4061
3115409,Catas Altas da Noruega,MG,0,-20.6901,-43.4939
3115458,Catuji,MG,0,-17.3018,-41.5276
3115474,Catuti,MG,0,-15.3616,-42.9627
3115508,Caxambu,MG,0,-21.9753,-44.9319
3115607,Cedro do Abaeté,MG,0,-19.1458,-45.712
3115706,Central de Minas,MG,0,-18.7612,-41.3143
3115805,Centralina,MG,0,-18.5852,-49.2014
3115904,Chácara,MG,0,-21.6733,-43.215
3116001,Chalé,MG,0,-20.0453,-41.6897
3116100,Chapada do Norte,MG,0,-17.0881,-42.5392
3116159,Chapada Gaúcha,MG,0,-15.3014,-45.6116
3116209,Chiador,MG,0,-21.9996,-43.0617
3116308,Cipotânea,MG,0,-20.9026,-43.3629
3116407,Claraval,MG,0,-20.397,-47.2768
3116506,Claro dos Poções,MG,0,-17.082,-44.2061
3116605,Cláudio,MG,0,-20.4437,-44.7673
3116704,Coimbra,MG,0,-20.8535,-42.8008
3116803,Coluna,MG,0,-18.2311,-42.8352
3116902,Comendador Gomes,MG,0,-19.6973,-49.0789
3117009,Comercinho,MG,0,-16.2963,-41.7945
3117108,Conceição da Aparecida,MG,0,-21.096,-46.2049
3117207,Conceição das Pedras,MG,0,-22.1576,-45.4562
3117306,Conceição das Alagoas,MG,0,-19.9172,-48.3839
3117405,Conceição de Ipanema,MG,0,-19.9326,-41.6908
3117504,Conceição do Mato Dentro,MG,0,-19.0344,-43.4221
3117603,Conceição do Pará,MG,0,-19.7456,-44.8945
3117702,Conceição do Rio Verde,MG,0,-21.8778,-45.087
3117801,Conceição dos Ouros,MG,0,-22.4078,-45.7996
3117836,Cônego Marinho,MG,0,-15.2892,-44.4181
3117876,Confins,MG,0,-19.6282,-43.9931
3117900,Congonhal,MG,0,-22.1488,-46.043
3118007,Congonhas,MG,0,-20.4958,-43.851
3118106,Congonhas do Norte,MG,0,-18.8021,-43.6767
3118205,Conquista,MG,0,-19.9312,-47.5492
3118304,Conselheiro Lafaiete,MG,0,-20.6634,-43.7846
3118403,Conselheiro Pena,MG,0,-19.1789,-41.4736
3118502,Consolação,MG,0,-22.5493,-45.9255
3118601,Contagem,MG,0,-19.9321,-44.0539
3118700,Coqueiral,MG,0,-21.1858,-45.4366
3118809,Coração de Jesus,MG,0,-16.6841,-44.3635
3118908,Cordisburgo,MG,0,-19.1224,-44.3224
3119005,Cordislândia,MG,0,-21.7891,-45.6999
3119104,Corinto,MG,0,-18.369,-44.4542
3119203,Coroaci,MG,0,-18.6156,-42.2791
3119302,Coromandel,MG,0,-18.4734,-47.1933
3119401,Coronel Fabriciano,MG,0,-19.5179,-42.6276
3119500,Coronel Murta,MG,0,-16.6148,-42.184
3119609,Coronel Pacheco,MG,0,-21.5898,-43.256
3119708,Coronel Xavier Chaves,MG,0,-21.0277,-44.2206
3119807,Córrego Danta,MG,0,-19.8198,-45.9032
3119906,Córrego do Bom Jesus,MG,0,-22.6269,-46.0241
3119955,Córrego Fundo,MG,0,-20.4474,-45.5617
3120003,Córrego Novo,MG,0,-19.8361,-42.3988
3120102,Couto de Magalhães de Minas,MG,0,-18.0727,-43.4648
3120151,Crisólita,MG,0,-17.2381,-40.9184
3120201,Cristais,MG,0,-20.8733,-45.5167
3120300,Cristália,MG,0,-16.716,-42.8571
3120409,Cristiano Otoni,MG,0,-20.8324,-43.8166
3120508,Cristina,MG,0,-22.208,-45.2673
3120607,Crucilândia,MG,0,-20.3923,-44.3334
3120706,Cruzeiro da Fortaleza,MG,0,-18.944,-46.6669
3120805,Cruzília,MG,0,-21.84,-44.8067
3120839,Cuparaque,MG,0,-18.9648,-41.0986
3120870,Curral de Dentro,MG,0,-15.9327,-41.8557
3120904,Curvelo,MG,0,-18.7527,-44.4303
3121001,Datas,MG,0,-18.4478,-43.6591
3121100,Delfim Moreira,MG,0,-22.5036,-45.2792
3121209,Delfinópolis,MG,0,-20.3468,-46.8456
3121258,Delta,MG,0,-19.9721,-47.7841
3121308,Descoberto,MG,0,-21.46,-42.9618
3121407,Desterro de Entre Rios,MG,0,-20.665,-44.3334
3121506,Desterro do Melo,MG,0,-21.143,-43.5178
3121605,Diamantina,MG,0,-18.2413,-43.6031
3121704,Diogo de Vasconcelos,MG,0,-20.4879,-43.1953
3121803,Dionísio,MG,0,-19.8433,-42.7701
3121902,Divinésia,MG,0,-20.9917,-43.0003
3122009,Divino,MG,0,-20.6134,-42.1438
3122108,Divino das Laranjeiras,MG,0,-18.7755,-41.4781
3122207,Divinolândia de Minas,MG,0,-18.8004,-42.6103
3122306,Divinópolis,MG,0,-20.1446,-44.8912
3122355,Divisa Alegre,MG,0,-15.7221,-41.3463
3122405,Divisa Nova,MG,0,-21.5092,-46.1904
3122454,Divisópolis,MG,0,-15.7254,-40.9997
3122470,Dom Bosco,MG,0,-16.652,-46.2597
3122504,Dom Cavati,MG,0,-19.3735,-42.1121
3122603,Dom Joaquim,MG,0,-18.961,-43.2544
3122702,Dom Silvério,MG,0,-20.1627,-42.9627
3122801,Dom Viçoso,MG,0,-22.2511,-45.1643
3122900,Dona Eusébia,MG,0,-21.319,-42.807
3123007,Dores de Campos,MG,0,-21.1139,-44.0207
3123106,Dores de Guanhães,MG,0,-19.0516,-42.9254
3123205,Dores do Indaiá,MG,0,-19.4628,-45.5927
3123304,Dores do Turvo,MG,0,-20.9785,-43.1834
3123403,Doresópolis,MG,0,-20.2868,-45.9007
3123502,Douradoquara,MG,0,-18.4338,-47.5993
3123528,Durandé,MG,0,-20.2058,-41.7977
3123601,Elói Mendes,MG,0,-21.6088,-45.5691
3123700,Engenheiro Caldas,MG,0,-19.2065,-42.0503
3123809,Engenheiro Navarro,MG,0,-17.2831,-43.947
3123858,Entre Folhas,MG,0,-19.6218,-42.2306
3123908,Entre Rios de Minas,MG,0,-20.6706,-44.0654
3124005,Ervália,MG,0,-20.8403,-42.6544
3124104,Esmeraldas,MG,0,-19.764,-44.3065
3124203,Espera Feliz,MG,0,-20.6508,-41.9119
3124302,Espinosa,MG,0,-14.9249,-42.809
3124401,Espírito Santo do Dourado,MG,0,-22.0454,-45.9548
3124500,Estiva,MG,0,-22.4577,-46.0191
3124609,Estrela Dalva,MG,0,-21.7412,-42.4574
3124708,Estrela do Indaiá,MG,0,-19.5169,-45.7859
3124807,Estrela do Sul,MG,0,-18.7399,-47.6956
3124906,Eugenópolis,MG,0,-21.1002,-42.1878
3125002,Ewbank da Câmara,MG,0,-21.5498,-43.5068
3125101,Extrema,MG,0,-22.854,-46.3178
3125200,Fama,MG,0,-21.4089,-45.8286
3125309,Faria Lemos,MG,0,-20.8097,-42.0213
3125408,Felício dos Santos,MG,0,-18.0755,-43.2422
3125507,São Gonçalo do Rio Preto,MG,0,-18.0025,-43.3854
3125606,Felisburgo,MG,0,-16.6348,-40.7605
3125705,Felixlândia,MG,0,-18.7507,-44.9004
3125804,Fernandes Tourinho,MG,0,-19.1541,-42.0803
3125903,Ferros,MG,0,-19.2343,-43.0192
3125952,Fervedouro,MG,0,-20.726,-42.279
3126000,Florestal,MG,0,-19.888,-44.4318
3126109,Formiga,MG,0,-20.4618,-45.4268
3126208,Formoso,MG,0,-14.9446,-46.2371
3126307,Fortaleza de Minas,MG,0,-20.8508,-46.712
3126406,Fortuna de Minas,MG,0,-19.5578,-44.4472
3126505,Francisco Badaró,MG,0,-16.9883,-42.3568
3126604,Francisco Dumont,MG,0,-17.3107,-44.2317
3126703,Francisco Sá,MG,0,-16.4827,-43.4896
3126752,Franciscópolis,MG,0,-17.9578,-42.0094
3126802,Frei Gaspar,MG,0,-18.0709,-41.4325
3126901,Frei Inocêncio,MG,0,-18.5556,-41.9121
3126950,Frei Lagonegro,MG,0,-18.1751,-42.7617
3127008,Fronteira,MG,0,-20.2748,-49.1984
3127057,Fronteira dos Vales,MG,0,-16.8898,-40.923
3127073,Fruta de Leite,MG,0,-16.1225,-42.5288
3127107,Frutal,MG,0,-20.0259,-48.9355
3127206,Funilândia,MG,0,-19.3661,-44.061
3127305,Galiléia,MG,0,-19.0005,-41.5387
3127339,Gameleiras,MG,0,-15.0829,-43.125
3127354,Glaucilândia,MG,0,-16.8481,-43.692
3127370,Goiabeira,MG,0,-18.9807,-41.2235
3127388,Goianá,MG,0,-21.536,-43.1957
3127404,Gonçalves,MG,0,-22.6545,-45.8556
3127503,Gonzaga,MG,0,-18.8196,-42.4769
3127602,Gouveia,MG,0,-18.4519,-43.7423
3127701,Governador Valadares,MG,0,-18.8545,-41.9555
3127800,Grão Mogol,MG,0,-16.5662,-42.8923
3127909,Grupiara,MG,0,-18.5003,-47.7318
3128006,Guanhães,MG,0,-18.7713,-42.9312
3128105,Guapé,MG,0,-20.7631,-45.9152
3128204,Guaraciaba,MG,0,-20.5716,-43.0094
3128253,Guaraciama,MG,0,-17.0142,-43.6675
3128303,Guaranésia,MG,0,-21.3009,-46.7964
3128402,Guarani,MG,0,-21.3563,-43.0328
3128501,Guarará,MG,0,-21.7304,-43.0334
3128600,Guarda-Mor,MG,0,-17.7673,-47.0998
3128709,Guaxupé,MG,0,-21.305,-46.7081
3128808,Guidoval,MG,0,-21.155,-42.7887
3128907,Guimarânia,MG,0,-18.8425,-46.7901
3129004,Guiricema,MG,0,-21.0098,-42.7207
3129103,Gurinhatã,MG,0,-19.2143,-49.7876
3129202,Heliodora,MG,0,-22.0644,-45.5453
3129301,Iapu,MG,0,-19.4387,-42.2147
3129400,Ibertioga,MG,0,-21.433,-43.9639
3129509,Ibiá,MG,0,-19.4749,-46.5474
3129608,Ibiaí,MG,0,-16.8591,-44.9046
3129657,Ibiracatu,MG,0,-15.6605,-44.1667
3129707,Ibiraci,MG,0,-20.4611,-47.1222
3129806,Ibirité,MG,0,-20.0252,-44.0569
3129905,Ibitiúra de Minas,MG,0,-22.0604,-46.4368
3130002,Ibituruna,MG,0,-21.1541,-44.7479
3130051,Icaraí de Minas,MG,0,-16.214,-44.9034
3130101,Igarapé,MG,0,-20.0707,-44.2994
3130200,Igaratinga,MG,0,-19.9476,-44.7063
3130309,Iguatama,MG,0,-20.1776,-45.7111
3130408,Ijaci,MG,0,-21.1738,-44.9233
3130507,Ilicínea,MG,0,-20.9402,-45.8308
3130556,Imbé de Minas,MG,0,-19.6017,-41.9695
3130606,Inconfidentes,MG,0,-22.3136,-46.3264
3130655,Indaiabira,MG,0,-15.4911,-42.2005
3130705,Indianópolis,MG,0,-19.0341,-47.9155
3130804,Ingaí,MG,0,-21.4024,-44.9152
3130903,Inhapim,MG,0,-19.5476,-42.1147
3131000,Inhaúma,MG,0,-19.4898,-44.3934
3131109,Inimutaba,MG,0,-18.7271,-44.3584
3131158,Ipaba,MG,0,-19.4158,-42.4139
3131208,Ipanema,MG,0,-19.7992,-41.7164
3131307,Ipatinga,MG,0,-19.4703,-42.5476
3131406,Ipiaçu,MG,0,-18.6927,-49.9436
3131505,Ipuiúna,MG,0,-22.1013,-46.1915
3131604,Iraí de Minas,MG,0,-18.9819,-47.461
3131703,Itabira,MG,0,-19.6239,-43.2312
3131802,Itabirinha,MG,0,-18.5712,-41.234
3131901,Itabirito,MG,0,-20.2501,-43.8038
3132008,Itacambira,MG,0,-17.0625,-43.3069
3132107,Itacarambi,MG,0,-15.089,-44.095
3132206,Itaguara,MG,0,-20.3947,-44.4875
3132305,Itaipé,MG,0,-17.4014,-41.6697
3132404,Itajubá,MG,0,-22.4225,-45.4598
3132503,Itamarandiba,MG,0,-17.8552,-42.8561
3132602,Itamarati de Minas,MG,0,-21.4179,-42.813
3132701,Itambacuri,MG,0,-18.035,-41.683
3132800,Itambé do Mato Dentro,MG,0,-19.4158,-43.3182
3132909,Itamogi,MG,0,-21.0758,-47.046
3133006,Itamonte,MG,0,-22.2859,-44.868
3133105,Itanhandu,MG,0,-22.2942,-44.9382
3133204,Itanhomi,MG,0,-19.1736,-41.863
3133303,Itaobim,MG,0,-16.5571,-41.5017
3133402,Itapagipe,MG,0,-19.9062,-49.3781
3133501,Itapecerica,MG,0,-20.4704,-45.127
3133600,Itapeva,MG,0,-22.7665,-46.2241
3133709,Itatiaiuçu,MG,0,-20.1983,-44.4211
3133758,Itaú de Minas,MG,0,-20.7375,-46.7525
3133808,Itaúna,MG,0,-20.0818,-44.5801
3133907,Itaverava,MG,0,-20.6769,-43.6141
3134004,Itinga,MG,0,-16.61,-41.7672
3134103,Itueta,MG,0,-19.3999,-41.1746
3134202,Ituiutaba,MG,0,-18.9772,-49.4639
3134301,Itumirim,MG,0,-21.3171,-44.8724
3134400,Iturama,MG,0,-19.7276,-50.1966
3134509,Itutinga,MG,0,-21.3,-44.6567
3134608,Jaboticatubas,MG,0,-19.5119,-43.7373
3134707,Jacinto,MG,0,-16.1428,-40.295
3134806,Jacuí,MG,0,-21.0137,-46.7359
3134905,Jacutinga,MG,0,-22.286,-46.6166
3135001,Jaguaraçu,MG,0,-19.647,-42.7498
3135050,Jaíba,MG,0,-15.3432,-43.6688
3135076,Jampruca,MG,0,-18.461,-41.809
3135100,Janaúba,MG,0,-15.8022,-43.3132
3135209,Januária,MG,0,-15.4802,-44.3639
3135308,Japaraíba,MG,0,-20.1442,-45.5015
3135357,Japonvar,MG,0,-15.9891,-44.2758
3135407,Jeceaba,MG,0,-20.5339,-43.9894
3135456,Jenipapo de Minas,MG,0,-17.0831,-42.2589
3135506,Jequeri,MG,0,-20.4542,-42.6651
3135605,Jequitaí,MG,0,-17.229,-44.4376
3135704,Jequitibá,MG,0,-19.2345,-44.0304
3135803,Jequitinhonha,MG,0,-16.4375,-41.0117
3135902,Jesuânia,MG,0,-21.9887,-45.2911
3136009,Joaíma,MG,0,-16.6522,-41.0229
3136108,Joanésia,MG,0,-19.1729,-42.6775
3136207,João Monlevade,MG,0,-19.8126,-43.1735
3136306,João Pinheiro,MG,0,-17.7398,-46.1715
3136405,Joaquim Felício,MG,0,-17.758,-44.1643
3136504,Jordânia,MG,0,-15.9009,-40.1841
3136520,José Gonçalves de Minas,MG,0,-16.9053,-42.6014
3136553,José Raydan,MG,0,-18.2195,-42.4946
3136579,Josenópolis,MG,0,-16.5417,-42.5151
3136603,Nova União,MG,0,-19.6876,-43.583
3136652,Juatuba,MG,0,-19.9448,-44.3451
3136702,Juiz de Fora,MG,0,-21.7595,-43.3398
3136801,Juramento,MG,0,-16.8473,-43.5865
3136900,Juruaia,MG,0,-21.2493,-46.5735
3136959,Juvenília,MG,0,-14.2662,-44.1597
3137007,Ladainha,MG,0,-17.6279,-41.7488
3137106,Lagamar,MG,0,-18.1759,-46.8063
3137205,Lagoa da Prata,MG,0,-20.0237,-45.5401
3137304,Lagoa dos Patos,MG,0,-16.978,-44.5754
3137403,Lagoa Dourada,MG,0,-20.9139,-44.0797
3137502,Lagoa Formosa,MG,0,-18.7715,-46.4012
3137536,Lagoa Grande,MG,0,-17.8323,-46.5165
3137601,Lagoa Santa,MG,0,-19.6397,-43.8932
3137700,Lajinha,MG,0,-20.1539,-41.6228
3137809,Lambari,MG,0,-21.9671,-45.3498
3137908,Lamim,MG,0,-20.79,-43.4706
3138005,Laranjal,MG,0,-21.3715,-42.4732
3138104,Lassance,MG,0,-17.887,-44.5735
3138203,Lavras,MG,0,-21.248,-45.0009
3138302,Leandro Ferreira,MG,0,-19.7193,-45.0279
3138351,Leme do Prado,MG,0,-17.0793,-42.6936
3138401,Leopoldina,MG,0,-21.5296,-42.6421
3138500,Liberdade,MG,0,-22.0275,-44.3208
3138609,Lima Duarte,MG,0,-21.8386,-43.7934
3138625,Limeira do Oeste,MG,0,-19.5512,-50.5815
3138658,Lontra,MG,0,-15.9013,-44.306
3138674,Luisburgo,MG,0,-20.4468,-42.0976
3138682,Luislândia,MG,0,-16.1095,-44.5886
3138708,Luminárias,MG,0,-21.5145,-44.9034
3138807,Luz,MG,0,-19.7911,-45.6794
3138906,Machacalis,MG,0,-17.0723,-40.7245
3139003,Machado,MG,0,-21.6778,-45.9219
3139102,Madre de Deus de Minas,MG,0,-21.483,-44.3287
3139201,Malacacheta,MG,0,-17.8456,-42.0769
3139250,Mamonas,MG,0,-15.0479,-42.9469
3139300,Manga,MG,0,-14.7529,-43.9391
3139409,Manhuaçu,MG,0,-20.2572,-42.028
3139508,Manhumirim,MG,0,-20.3591,-41.9589
3139607,Mantena,MG,0,-18.7761,-40.9874
3139706,Maravilhas,MG,0,-19.5076,-44.6779
3139805,Mar de Espanha,MG,0,-21.8707,-43.0062
3139904,Maria da Fé,MG,0,-22.3044,-45.3773
3140001,Mariana,MG,0,-20.3765,-43.414
3140100,Marilac,MG,0,-18.5079,-42.0822
3140159,Mário Campos,MG,0,-20.0582,-44.1883
3140209,Maripá de Minas,MG,0,-21.6979,-42.9546
3140308,Marliéria,MG,0,-19.7096,-42.7327
3140407,Marmelópolis,MG,0,-22.447,-45.1645
3140506,Martinho Campos,MG,0,-19.3306,-45.2434
3140530,Martins Soares,MG,0,-20.2546,-41.8786
3140555,Mata Verde,MG,0,-15.6869,-40.7366
3140605,Materlândia,MG,0,-18.4699,-43.0579
3140704,Mateus Leme,MG,0,-19.9794,-44.4318
3140803,Matias Barbosa,MG,0,-21.869,-43.3135
3140852,Matias Cardoso,MG,0,-14.8563,-43.9146
3140902,Matipó,MG,0,-20.2873,-42.3401
3141009,Mato Verde,MG,0,-15.3944,-42.86
3141108,Matozinhos,MG,0,-19.5543,-44.0868
3141207,Matutina,MG,0,-19.2179,-45.9664
3141306,Medeiros,MG,0,-19.9865,-46.2181
3141405,Medina,MG,0,-16.2245,-41.4728
3141504,Mendes Pimentel,MG,0,-18.6631,-41.4052
3141603,Mercês,MG,0,-21.1976,-43.3337
3141702,Mesquita,MG,0,-19.224,-42.6079
3141801,Minas Novas,MG,0,-17.2156,-42.5884
3141900,Minduri,MG,0,-21.6797,-44.6051
3142007,Mirabela,MG,0,-16.256,-44.1602
3142106,Miradouro,MG,0,-20.8899,-42.3458
3142205,Miraí,MG,0,-21.2021,-42.6122
3142254,Miravânia,MG,0,-14.7348,-44.4092
3142304,Moeda,MG,0,-20.3399,-44.0509
3142403,Moema,MG,0,-19.8387,-45.4127
3142502,Monjolos,MG,0,-18.3245,-44.118
3142601,Monsenhor Paulo,MG,0,-21.7579,-45.5391
3142700,Montalvânia,MG,0,-14.4197,-44.3719
3142809,Monte Alegre de Minas,MG,0,-18.869,-48.881
3142908,Monte Azul,MG,0,-15.1514,-42.8718
3143005,Monte Belo,MG,0,-21.3271,-46.3635
3143104,Monte Carmelo,MG,0,-18.7302,-47.4912
3143153,Monte Formoso,MG,0,-16.8691,-41.2473
3143203,Monte Santo de Minas,MG,0,-21.1873,-46.9753
3143302,Montes Claros,MG,0,-16.7282,-43.8578
3143401,Monte Sião,MG,0,-22.4335,-46.573
3143450,Montezuma,MG,0,-15.1702,-42.4941
3143500,Morada Nova de Minas,MG,0,-18.5998,-45.3584
3143609,Morro da Garça,MG,0,-18.5356,-44.601
3143708,Morro do Pilar,MG,0,-19.2236,-43.3795
3143807,Munhoz,MG,0,-22.6092,-46.362
3143906,Muriaé,MG,0,-21.13,-42.3693
3144003,Mutum,MG,0,-19.8121,-41.4407
3144102,Muzambinho,MG,0,-21.3692,-46.5213
3144201,Nacip Raydan,MG,0,-18.4544,-42.2481
3144300,Nanuque,MG,0,-17.8481,-40.3533
3144359,Naque,MG,0,-19.2291,-42.3312
3144375,Natalândia,MG,0,-16.5021,-46.4874
3144409,Natércia,MG,0,-22.1158,-45.5123
3144508,Nazareno,MG,0,-21.2168,-44.6138
3144607,Nepomuceno,MG,0,-21.2324,-45.235
3144656,Ninheira,MG,0,-15.3148,-41.7564
3144672,Nova Belém,MG,0,-18.4925,-41.1107
3144706,Nova Era,MG,0,-19.7577,-43.0333
3144805,Nova Lima,MG,0,-19.9758,-43.8509
3144904,Nova Módica,MG,0,-18.4417,-41.4984
3145000,Nova Ponte,MG,0,-19.1461,-47.6779
3145059,Nova Porteirinha,MG,0,-15.7993,-43.2941
3145109,Nova Resende,MG,0,-21.1286,-46.4157
3145208,Nova Serrana,MG,0,-19.8713,-44.9847
3145307,Novo Cruzeiro,MG,0,-17.4654,-41.8826
3145356,Novo Oriente de Minas,MG,0,-17.4089,-41.2194
3145372,Novorizonte,MG,0,-16.0162,-42.4044
3145406,Olaria,MG,0,-21.8598,-43.9356
3145455,Olhos d'Água,MG,0,-17.3982,-43.5719
3145505,Olímpio Noronha,MG,0,-22.0685,-45.2657
3145604,Oliveira,MG,0,-20.6982,-44.829
3145703,Oliveira Fortes,MG,0,-21.3401,-43.4499
3145802,Onça de Pitangui,MG,0,-19.7276,-44.8058
3145851,Oratórios,MG,0,-20.4298,-42.7977
3145877,Orizânia,MG,0,-20.5142,-42.1991
3145901,Ouro Branco,MG,0,-20.5263,-43.6962
3146008,Ouro Fino,MG,0,-22.2779,-46.3716
3146107,Ouro Preto,MG,0,-20.3796,-43.512
3146206,Ouro Verde de Minas,MG,0,-18.0719,-41.2734
3146255,Padre Carvalho,MG,0,-16.3646,-42.5088
3146305,Padre Paraíso,MG,0,-17.0758,-41.4821
3146404,Paineiras,MG,0,-18.8993,-45.5321
3146503,Pains,MG,0,-20.3705,-45.6627
3146552,Pai Pedro,MG,0,-15.5271,-43.07
3146602,Paiva,MG,0,-21.2913,-43.4088
3146701,Palma,MG,0,-21.3748,-42.3123
3146750,Palmópolis,MG,0,-16.7364,-40.4296
3146909,Papagaios,MG,0,-19.4419,-44.7468
3147006,Paracatu,MG,0,-17.2252,-46.8711
3147105,Pará de Minas,MG,0,-19.8534,-44.6114
3147204,Paraguaçu,MG,0,-21.5465,-45.7374
3147303,Paraisópolis,MG,0,-22.5539,-45.7803
3147402,Paraopeba,MG,0,-19.2732,-44.4044
3147501,Passabém,MG,0,-19.3509,-43.1383
3147600,Passa Quatro,MG,0,-22.3871,-44.9709
3147709,Passa Tempo,MG,0,-20.6539,-44.4926
3147808,Passa-Vinte,MG,0,-22.2097,-44.2344
3147907,Passos,MG,0,-20.7193,-46.609
3147956,Patis,MG,0,-16.0773,-44.0787
3148004,Patos de Minas,MG,0,-18.5699,-46.5013
3148103,Patrocínio,MG,0,-18.9379,-46.9934
3148202,Patrocínio do Muriaé,MG,0,-21.1544,-42.2125
3148301,Paula Cândido,MG,0,-20.8754,-42.9752
3148400,Paulistas,MG,0,-18.4276,-42.8628
3148509,Pavão,MG,0,-17.4267,-41.0035
3148608,Peçanha,MG,0,-18.5441,-42.5583
3148707,Pedra Azul,MG,0,-16.0086,-41.2909
3148756,Pedra Bonita,MG,0,-20.5219,-42.3304
3148806,Pedra do Anta,MG,0,-20.5968,-42.7123
3148905,Pedra do Indaiá,MG,0,-20.2563,-45.2107
3149002,Pedra Dourada,MG,0,-20.8266,-42.1515
3149101,Pedralva,MG,0,-22.2386,-45.4654
3149150,Pedras de Maria da Cruz,MG,0,-15.6032,-44.391
3149200,Pedrinópolis,MG,0,-19.2241,-47.4579
3149309,Pedro Leopoldo,MG,0,-19.6308,-44.0383
3149408,Pedro Teixeira,MG,0,-21.7076,-43.743
3149507,Pequeri,MG,0,-21.8341,-43.1145
3149606,Pequi,MG,0,-19.6284,-44.6604
3149705,Perdigão,MG,0,-19.9411,-45.078
3149804,Perdizes,MG,0,-19.3434,-47.2963
3149903,Perdões,MG,0,-21.0932,-45.0896
3149952,Periquito,MG,0,-19.1573,-42.2333
3150000,Pescador,MG,0,-18.357,-41.6006
3150109,Piau,MG,0,-21.5096,-43.313
3150158,Piedade de Caratinga,MG,0,-19.7593,-42.0756
3150208,Piedade de Ponte Nova,MG,0,-20.2438,-42.7379
3150307,Piedade do Rio Grande,MG,0,-21.469,-44.1938
3150406,Piedade dos Gerais,MG,0,-20.4715,-44.2243
3150505,Pimenta,MG,0,-20.4827,-45.8049
3150539,Pingo-d'Água,MG,0,-19.7287,-42.4095
3150570,Pintópolis,MG,0,-16.0572,-45.1402
3150604,Piracema,MG,0,-20.5089,-44.4783
3150703,Pirajuba,MG,0,-19.9092,-48.7027
3150802,Piranga,MG,0,-20.6834,-43.2967
3150901,Piranguçu,MG,0,-22.5249,-45.4945
3151008,Piranguinho,MG,0,-22.395,-45.5324
3151107,Pirapetinga,MG,0,-21.6554,-42.3434
3151206,Pirapora,MG,0,-17.3392,-44.934
3151305,Piraúba,MG,0,-21.2825,-43.0172
3151404,Pitangui,MG,0,-19.6741,-44.8964
3151503,Piumhi,MG,0,-20.4762,-45.9589
3151602,Planura,MG,0,-20.1376,-48.7
3151701,Poço Fundo,MG,0,-21.78,-45.9658
3151800,Poços de Caldas,MG,0,-21.78,-46.5692
3151909,Pocrane,MG,0,-19.6208,-41.6334
3152006,Pompéu,MG,0,-19.2257,-45.0141
3152105,Ponte Nova,MG,0,-20.4111,-42.8978
3152131,Ponto Chique,MG,0,-16.6282,-45.0588
3152170,Ponto dos Volantes,MG,0,-16.7473,-41.5025
3152204,Porteirinha,MG,0,-15.7404,-43.0281
3152303,Porto Firme,MG,0,-20.6642,-43.0834
3152402,Poté,MG,0,-17.8077,-41.786
3152501,Pouso Alegre,MG,0,-22.2266,-45.9389
3152600,Pouso Alto,MG,0,-22.1964,-44.9748
3152709,Prados,MG,0,-21.0597,-44.0778
3152808,Prata,MG,0,-19.3086,-48.9276
3152907,Pratápolis,MG,0,-20.7411,-46.8624
3153004,Pratinha,MG,0,-19.739,-46.3755
3153103,Presidente Bernardes,MG,0,-20.7656,-43.1895
3153202,Presidente Juscelino,MG,0,-18.6401,-44.06
3153301,Presidente Kubitschek,MG,0,-18.6193,-43.5628
3153400,Presidente Olegário,MG,0,-18.4096,-46.4165
3153509,Alto Jequitibá,MG,0,-20.4208,-41.967
3153608,Prudente de Morais,MG,0,-19.4742,-44.1591
3153707,Quartel Geral,MG,0,-19.2703,-45.5569
3153806,Queluzito,MG,0,-20.7416,-43.8851
3153905,Raposos,MG,0,-19.9636,-43.8079
3154002,Raul Soares,MG,0,-20.1061,-42.4502
3154101,Recreio,MG,0,-21.5289,-42.4676
3154150,Reduto,MG,0,-20.2401,-41.9848
3154200,Resende Costa,MG,0,-20.9171,-44.2407
3154309,Resplendor,MG,0,-19.3194,-41.2462
3154408,Ressaquinha,MG,0,-21.0642,-43.7598
3154457,Riachinho,MG,0,-16.2258,-45.9888
3154507,Riacho dos Machados,MG,0,-16.0091,-43.0488
3154606,Ribeirão das Neves,MG,0,-19.7621,-44.0844
3154705,Ribeirão Vermelho,MG,0,-21.1879,-45.0637
3154804,Rio Acima,MG,0,-20.0876,-43.7878
3154903,Rio Casca,MG,0,-20.2285,-42.6462
3155009,Rio Doce,MG,0,-20.2412,-42.8995
3155108,Rio do Prado,MG,0,-16.6056,-40.5714
3155207,Rio Espera,MG,0,-20.855,-43.4721
3155306,Rio Manso,MG,0,-20.2666,-44.3069
3155405,Rio Novo,MG,0,-21.4649,-43.1168
3155504,Rio Paranaíba,MG,0,-19.1861,-46.2455
3155603,Rio Pardo de Minas,MG,0,-15.616,-42.5405
3155702,Rio Piracicaba,MG,0,-19.9284,-43.1829
3155801,Rio Pomba,MG,0,-21.2712,-43.1696
3155900,Rio Preto,MG,0,-22.0861,-43.8293
3156007,Rio Vermelho,MG,0,-18.2922,-43.0018
3156106,Ritápolis,MG,0,-21.0276,-44.3204
3156205,Rochedo de Minas,MG,0,-21.6284,-43.0165
3156304,Rodeiro,MG,0,-21.2035,-42.8586
3156403,Romaria,MG,0,-18.8838,-47.5782
3156452,Rosário da Limeira,MG,0,-20.9812,-42.5112
3156502,Rubelita,MG,0,-16.4053,-42.261
3156601,Rubim,MG,0,-16.3775,-40.5397
3156700,Sabará,MG,0,-19.884,-43.8263
3156809,Sabinópolis,MG,0,-18.6653,-43.0752
3156908,Sacramento,MG,0,-19.8622,-47.4508
3157005,Salinas,MG,0,-16.1753,-42.2964
3157104,Salto da Divisa,MG,0,-16.0063,-39.9391
3157203,Santa Bárbara,MG,0,-19.9604,-43.4101
3157252,Santa Bárbara do Leste,MG,0,-19.9753,-42.1457
3157278,Santa Bárbara do Monte Verde,MG,0,-21.9592,-43.7027
3157302,Santa Bárbara do Tugúrio,MG,0,-21.2431,-43.5607
3157336,Santa Cruz de Minas,MG,0,-21.1241,-44.2202
3157377,Santa Cruz de Salinas,MG,0,-16.0967,-41.7418
3157401,Santa Cruz do Escalvado,MG,0,-20.2372,-42.8169
3157500,Santa Efigênia de Minas,MG,0,-18.8235,-42.4388
3157609,Santa Fé de Minas,MG,0,-16.6859,-45.4102
3157658,Santa Helena de Minas,MG,0,-16.9707,-40.6727
3157708,Santa Juliana,MG,0,-19.3108,-47.5322
3157807,Santa Luzia,MG,0,-19.7548,-43.8497
3157906,Santa Margarida,MG,0,-20.3839,-42.2519
3158003,Santa Maria de Itabira,MG,0,-19.4431,-43.1064
3158102,Santa Maria do Salto,MG,0,-16.2479,-40.1512
3158201,Santa Maria do Suaçuí,MG,0,-18.1896,-42.4139
3158300,Santana da Vargem,MG,0,-21.2449,-45.5005
3158409,Santana de Cataguases,MG,0,-21.2893,-42.5524
3158508,Santana de Pirapama,MG,0,-18.9962,-44.0409
3158607,Santana do Deserto,MG,0,-21.9512,-43.1583
3158706,Santana do Garambéu,MG,0,-21.5983,-44.105
3158805,Santana do Jacaré,MG,0,-20.9007,-45.1285
3158904,Santana do Manhuaçu,MG,0,-20.1031,-41.9278
3158953,Santana do Paraíso,MG,0,-19.3661,-42.5446
3159001,Santana do Riacho,MG,0,-19.1662,-43.722
3159100,Santana dos Montes,MG,0,-20.7868,-43.6949
3159209,Santa Rita de Caldas,MG,0,-22.0292,-46.3385
3159308,Santa Rita de Jacutinga,MG,0,-22.1474,-44.0977
3159357,Santa Rita de Minas,MG,0,-19.876,-42.1363
3159407,Santa Rita de Ibitipoca,MG,0,-21.5658,-43.9163
3159506,Santa Rita do Itueto,MG,0,-19.3576,-41.3821
3159605,Santa Rita do Sapucaí,MG,0,-22.2461,-45.7034
3159704,Santa Rosa da Serra,MG,0,-19.5186,-45.9611
3159803,Santa Vitória,MG,0,-18.8414,-50.1208
3159902,Santo Antônio do Amparo,MG,0,-20.943,-44.9176
3160009,Santo Antônio do Aventureiro,MG,0,-21.7606,-42.8115
3160108,Santo Antônio do Grama,MG,0,-20.3185,-42.6047
3160207,Santo Antônio do Itambé,MG,0,-18.4609,-43.3006
3160306,Santo Antônio do Jacinto,MG,0,-16.5332,-40.1817
3160405,Santo Antônio do Monte,MG,0,-20.085,-45.2947
3160454,Santo Antônio do Retiro,MG,0,-15.3393,-42.6171
3160504,Santo Antônio do Rio Abaixo,MG,0,-19.2374,-43.2604
3160603,Santo Hipólito,MG,0,-18.2968,-44.2229
3160702,Santos Dumont,MG,0,-21.4634,-43.5499
3160801,São Bento Abade,MG,0,-21.5839,-45.0699
3160900,São Brás do Suaçuí,MG,0,-20.6242,-43.9515
3160959,São Domingos das Dores,MG,0,-19.5246,-42.0106
3161007,São Domingos do Prata,MG,0,-19.8678,-42.971
3161056,São Félix de Minas,MG,0,-18.5959,-41.4889
3161106,São Francisco,MG,0,-15.9514,-44.8593
3161205,São Francisco de Paula,MG,0,-20.7036,-44.9838
3161304,São Francisco de Sales,MG,0,-19.8611,-49.7727
3161403,São Francisco do Glória,MG,0,-20.7923,-42.2673
3161502,São Geraldo,MG,0,-20.9252,-42.8364
3161601,São Geraldo da Piedade,MG,0,-18.8411,-42.2867
3161650,São Geraldo do Baixio,MG,0,-18.9097,-41.363
3161700,São Gonçalo do Abaeté,MG,0,-18.3315,-45.8265
3161809,São Gonçalo do Pará,MG,0,-19.9822,-44.8593
3161908,São Gonçalo do Rio Abaixo,MG,0,-19.8221,-43.366
3162005,São Gonçalo do Sapucaí,MG,0,-21.8932,-45.5893
3162104,São Gotardo,MG,0,-19.3087,-46.0465
3162203,São João Batista do Glória,MG,0,-20.635,-46.508
3162252,São João da Lagoa,MG,0,-16.8455,-44.3507
3162302,São João da Mata,MG,0,-21.928,-45.9297
3162401,São João da Ponte,MG,0,-15.9271,-44.0096
3162450,São João das Missões,MG,0,-14.8859,-44.0922
3162500,São João del Rei,MG,0,-21.1311,-44.2526
3162559,São João do Manhuaçu,MG,0,-20.3933,-42.1533
3162575,São João do Manteninha,MG,0,-18.723,-41.1628
3162609,São João do Oriente,MG,0,-19.3384,-42.1575
3162658,São João do Pacuí,MG,0,-16.5373,-44.5134
3162708,São João do Paraíso,MG,0,-15.3168,-42.0213
3162807,São João Evangelista,MG,0,-18.548,-42.7655
3162906,São João Nepomuceno,MG,0,-21.5381,-43.0069
3162922,São Joaquim de Bicas,MG,0,-20.048,-44.2749
3162948,São José da Barra,MG,0,-20.7178,-46.313
3162955,São José da Lapa,MG,0,-19.6971,-43.9586
3163003,São José da Safira,MG,0,-18.3243,-42.1431
3163102,São José da Varginha,MG,0,-19.7006,-44.556
3163201,São José do Alegre,MG,0,-22.3243,-45.5258
3163300,São José do Divino,MG,0,-18.4793,-41.3907
3163409,São José do Goiabal,MG,0,-19.9214,-42.7035
3163508,São José do Jacuri,MG,0,-18.281,-42.6729
3163607,São José do Mantimento,MG,0,-20.0058,-41.7486
3163706,São Lourenço,MG,0,-22.1166,-45.0506
3163805,São Miguel do Anta,MG,0,-20.7067,-42.7174
3163904,São Pedro da União,MG,0,-21.131,-46.6123
3164001,São Pedro dos Ferros,MG,0,-20.1732,-42.5251
3164100,São Pedro do Suaçuí,MG,0,-18.3609,-42.5981
3164209,São Romão,MG,0,-16.3641,-45.0749
3164308,São Roque de Minas,MG,0,-20.249,-46.3639
3164407,São Sebastião da Bela Vista,MG,0,-22.1583,-45.7546
3164431,São Sebastião da Vargem Alegre,MG,0,-19.7477,-43.3679
3164472,São Sebastião do Anta,MG,0,-19.5064,-41.985
3164506,São Sebastião do Maranhão,MG,0,-18.0873,-42.5659
3164605,São Sebastião do Oeste,MG,0,-20.2758,-45.0063
3164704,São Sebastião do Paraíso,MG,0,-20.9167,-46.9837
3164803,São Sebastião do Rio Preto,MG,0,-19.2959,-43.1757
3164902,São Sebastião do Rio Verde,MG,0,-22.2183,-44.9761
3165008,São Tiago,MG,0,-20.9075,-44.5098
3165107,São Tomás de Aquino,MG,0,-20.7791,-47.0962
3165206,São Thomé das Letras,MG,0,-21.7218,-44.9849
3165305,São Vicente de Minas,MG,0,-21.7042,-44.4431
3165404,Sapucaí-Mirim,MG,0,-22.7409,-45.738
3165503,Sardoá,MG,0,-18.7828,-42.3629
3165537,Sarzedo,MG,0,-20.0367,-44.1446
3165552,Setubinha,MG,0,-17.6002,-42.1587
3165560,Sem-Peixe,MG,0,-20.1008,-42.8483
3165578,Senador Amaral,MG,0,-22.5869,-46.1763
3165602,Senador Cortes,MG,0,-21.7986,-42.9424
3165701,Senador Firmino,MG,0,-20.9158,-43.0904
3165800,Senador José Bento,MG,0,-22.1633,-46.1792
3165909,Senador Modestino Gonçalves,MG,0,-17.9465,-43.2172
3166006,Senhora de Oliveira,MG,0,-20.7972,-43.3394
3166105,Senhora do Porto,MG,0,-18.8909,-43.0799
3166204,Senhora dos Remédios,MG,0,-21.0351,-43.5812
3166303,Sericita,MG,0,-20.4748,-42.4828
3166402,Seritinga,MG,0,-21.9134,-44.518
3166501,Serra Azul de Minas,MG,0,-18.3602,-43.1675
3166600,Serra da Saudade,MG,0,-19.4447,-45.795
3166709,Serra dos Aimorés,MG,0,-17.7872,-40.2453
3166808,Serra do Salitre,MG,0,-19.1083,-46.6961
3166907,Serrania,MG,0,-21.5441,-46.0417
3166956,Serranópolis de Minas,MG,0,-15.8176,-42.8732
3167004,Serranos,MG,0,-21.8857,-44.5125
3167103,Serro,MG,0,-18.5991,-43.3744
3167202,Sete Lagoas,MG,0,-19.4569,-44.2413
3167301,Silveirânia,MG,0,-21.1615,-43.2128
3167400,Silvianópolis,MG,0,-22.0274,-45.8385
3167509,Simão Pereira,MG,0,-21.964,-43.3088
3167608,Simonésia,MG,0,-20.1341,-42.0091
3167707,Sobrália,MG,0,-19.2345,-42.0998
3167806,Soledade de Minas,MG,0,-22.0554,-45.0464
3167905,Tabuleiro,MG,0,-21.3632,-43.2381
3168002,Taiobeiras,MG,0,-15.8106,-42.2259
3168051,Taparuba,MG,0,-19.7621,-41.608
3168101,Tapira,MG,0,-19.9166,-46.8264
3168200,Tapiraí,MG,0,-19.8936,-46.0221
3168309,Taquaraçu de Minas,MG,0,-19.6652,-43.6922
3168408,Tarumirim,MG,0,-19.2835,-42.0097
3168507,Teixeiras,MG,0,-20.6561,-42.8564
3168606,Teófilo Otoni,MG,0,-17.8595,-41.5087
3168705,Timóteo,MG,0,-19.5811,-42.6471
3168804,Tiradentes,MG,0,-21.1102,-44.1744
3168903,Tiros,MG,0,-19.0037,-45.9626
3169000,Tocantins,MG,0,-21.1774,-43.0127
3169059,Tocos do Moji,MG,0,-22.3698,-46.0971
3169109,Toledo,MG,0,-22.7421,-46.3728
3169208,Tombos,MG,0,-20.9086,-42.0228
3169307,Três Corações,MG,0,-21.6921,-45.2511
3169356,Três Marias,MG,0,-18.2048,-45.2473
3169406,Três Pontas,MG,0,-21.3694,-45.5109
3169505,Tumiritinga,MG,0,-18.9844,-41.6527
3169604,Tupaciguara,MG,0,-18.5866,-48.6985
3169703,Turmalina,MG,0,-17.2828,-42.7285
3169802,Turvolândia,MG,0,-21.8733,-45.7859
3169901,Ubá,MG,0,-21.1204,-42.9359
3170008,Ubaí,MG,0,-16.2885,-44.7783
3170057,Ubaporanga,MG,0,-19.6351,-42.1059
3170107,Uberaba,MG,0,-19.7472,-47.9381
3170206,Uberlândia,MG,0,-18.9141,-48.2749
3170305,Umburatiba,MG,0,-17.2548,-40.5779
3170404,Unaí,MG,0,-16.3592,-46.9022
3170438,União de Minas,MG,0,-19.5299,-50.338
3170479,Uruana de Minas,MG,0,-16.0634,-46.2443
3170503,Urucânia,MG,0,-20.3521,-42.737
3170529,Urucuia,MG,0,-16.1244,-45.7352
3170578,Vargem Alegre,MG,0,-19.5988,-42.2949
3170602,Vargem Bonita,MG,0,-20.3333,-46.3688
3170651,Vargem Grande do Rio Pardo,MG,0,-15.3987,-42.3085
3170701,Varginha,MG,0,-21.5556,-45.4364
3170750,Varjão de Minas,MG,0,-18.3741,-46.0313
3170800,Várzea da Palma,MG,0,-17.5944,-44.7226
3170909,Varzelândia,MG,0,-15.6992,-44.0278
3171006,Vazante,MG,0,-17.9827,-46.9088
3171030,Verdelândia,MG,0,-15.5845,-43.6121
3171071,Veredinha,MG,0,-17.3974,-42.7307
3171105,Veríssimo,MG,0,-19.6657,-48.3118
3171154,Vermelho Novo,MG,0,-20.0406,-42.2688
3171204,Vespasiano,MG,0,-19.6883,-43.9239
3171303,Viçosa,MG,0,-20.7559,-42.8742
3171402,Vieiras,MG,0,-20.867,-42.2401
3171501,Mathias Lobato,MG,0,-18.59,-41.9166
3171600,Virgem da Lapa,MG,0,-16.807,-42.3431
3171709,Virgínia,MG,0,-22.3264,-45.0965
3171808,Virginópolis,MG,0,-18.8154,-42.7015
3171907,Virgolândia,MG,0,-18.4738,-42.3067
3172004,Visconde do Rio Branco,MG,0,-21.0127,-42.8361
3172103,Volta Grande,MG,0,-21.7671,-42.5375
3172202,Wenceslau Braz,MG,0,-22.5368,-45.3626
3200102,Afonso Cláudio,ES,0,-20.0778,-41.1261
3200136,Águia Branca,ES,0,-18.9846,-40.7437
3200169,Água Doce do Norte,ES,0,-18.5482,-40.9854
3200201,Alegre,ES,0,-20.758,-41.5382
3200300,Alfredo Chaves,ES,0,-20.6396,-40.7543
3200359,Alto Rio Novo,ES,0,-19.0618,-41.0209
3200409,Anchieta,ES,0,-20.7955,-40.6425
3200508,Apiacá,ES,0,-21.1523,-41.5693
3200607,Aracruz,ES,0,-19.82,-40.2764
3200706,Atilio Vivacqua,ES,0,-20.913,-41.1986
3200805,Baixo Guandu,ES,0,-19.5213,-41.0109
3200904,Barra de São Francisco,ES,0,-18.7548,-40.8965
3201001,Boa Esperança,ES,0,-18.5395,-40.3025
3201100,Bom Jesus do Norte,ES,0,-21.1173,-41.6731
3201159,Brejetuba,ES,0,-20.1395,-41.2954
3201209,Cachoeiro de Itapemirim,ES,0,-20.8462,-41.1198
3201308,Cariacica,ES,0,-20.2632,-40.4165
3201407,Castelo,ES,0,-20.6033,-41.2031
3201506,Colatina,ES,0,-19.5493,-40.6269
3201605,Conceição da Barra,ES,0,-18.5883,-39.7362
3201704,Conceição do Castelo,ES,0,-20.3639,-41.2417
3201803,Divino de São Lourenço,ES,0,-20.6229,-41.6937
3201902,Domingos Martins,ES,0,-20.3603,-40.6594
3202009,Dores do Rio Preto,ES,0,-20.6931,-41.8405
3202108,Ecoporanga,ES,0,-18.3702,-40.836
3202207,Fundão,ES,0,-19.937,-40.4078
3202256,Governador Lindenberg,ES,0,-19.1864,-40.4473
3202306,Guaçuí,ES,0,-20.7668,-41.6734
3202405,Guarapari,ES,0,-20.6772,-40.5093
3202454,Ibatiba,ES,0,-20.2347,-41.5087
3202504,Ibiraçu,ES,0,-19.8366,-40.3732
3202553,Ibitirama,ES,0,-20.5466,-41.6667
3202603,Iconha,ES,0,-20.7913,-40.8132
3202652,Irupi,ES,0,-20.3501,-41.6444
3202702,Itaguaçu,ES,0,-19.8018,-40.8601
3202801,Itapemirim,ES,0,-21.0095,-40.8307
3202900,Itarana,ES,0,-19.875,-40.8753
3203007,Iúna,ES,0,-20.3531,-41.5334
3203056,Jaguaré,ES,0,-18.907,-40.0759
3203106,Jerônimo Monteiro,ES,0,-20.7994,-41.3948
3203130,João Neiva,ES,0,-19.7577,-40.386
3203163,Laranja da Terra,ES,0,-19.8994,-41.0621
3203205,Linhares,ES,0,-19.3946,-40.0643
3203304,Mantenópolis,ES,0,-18.8594,-41.124
3203320,Marataízes,ES,0,-21.0398,-40.8384
3203346,Marechal Floriano,ES,0,-20.4159,-40.67
3203353,Marilândia,ES,0,-19.4114,-40.5456
3203403,Mimoso do Sul,ES,0,-21.0628,-41.3615
3203502,Montanha,ES,0,-18.1303,-40.3668
3203601,Mucurici,ES,0,-18.0965,-40.52
3203700,Muniz Freire,ES,0,-20.4652,-41.4156
3203809,Muqui,ES,0,-20.9509,-41.346
3203908,Nova Venécia,ES,0,-18.715,-40.4053
3204005,Pancas,ES,0,-19.2229,-40.8534
3204054,Pedro Canário,ES,0,-18.3004,-39.9574
3204104,Pinheiros,ES,0,-18.4141,-40.2171
3204203,Piúma,ES,0,-20.8334,-40.7268
3204252,Ponto Belo,ES,0,-18.1253,-40.5458
3204302,Presidente Kennedy,ES,0,-21.0964,-41.0468
3204351,Rio Bananal,ES,0,-19.2719,-40.3366
3204401,Rio Novo do Sul,ES,0,-20.8556,-40.9388
3204500,Santa Leopoldina,ES,0,-20.0999,-40.527
3204559,Santa Maria de Jetibá,ES,0,-20.0253,-40.7439
3204609,Santa Teresa,ES,0,-19.9363,-40.5979
3204658,São Domingos do Norte,ES,0,-19.1452,-40.6281
3204708,São Gabriel da Palha,ES,0,-19.0182,-40.5365
3204807,São José do Calçado,ES,0,-21.0274,-41.6636
3204906,São Mateus,ES,0,-18.7214,-39.8579
3204955,São Roque do Canaã,ES,0,-19.7411,-40.6526
3205002,Serra,ES,0,-20.121,-40.3074
3205010,Sooretama,ES,0,-19.1897,-40.0974
3205036,Vargem Alta,ES,0,-20.669,-41.0179
3205069,Venda Nova do Imigrante,ES,0,-20.327,-41.1355
3205101,Viana,ES,0,-20.3825,-40.4933
3205150,Vila Pavão,ES,0,-18.6091,-40.609
3205176,Vila Valério,ES,0,-18.9958,-40.3849
3205200,Vila Velha,ES,0,-20.3417,-40.2875
3205309,Vitória,ES,1,-20.3155,-40.3128
3300100,Angra dos Reis,RJ,0,-23.0011,-44.3196
3300159,Aperibé,RJ,0,-21.6252,-42.1017
3300209,Araruama,RJ,0,-22.8697,-42.3326
3300225,Areal,RJ,0,-22.2283,-43.1118
3300233,Armação dos Búzios,RJ,0,-22.7528,-41.8846
3300258,Arraial do Cabo,RJ,0,-22.9774,-42.0267
3300308,Barra do Piraí,RJ,0,-22.4715,-43.8269
3300407,Barra Mansa,RJ,0,-22.5481,-44.1752
3300456,Belford Roxo,RJ,0,-22.764,-43.3992
3300506,Bom Jardim,RJ,0,-22.1545,-42.4251
3300605,Bom Jesus do Itabapoana,RJ,0,-21.1449,-41.6822
3300704,Cabo Frio,RJ,0,-22.8894,-42.0286
3300803,Cachoeiras de Macacu,RJ,0,-22.4658,-42.6523
3300902,Cambuci,RJ,0,-21.5691,-41.9187
3300936,Carapebus,RJ,0,-22.1821,-41.663
3300951,Comendador Levy Gasparian,RJ,0,-22.0404,-43.214
3301009,Campos dos Goytacazes,RJ,0,-21.7622,-41.3181
3301108,Cantagalo,RJ,0,-21.9797,-42.3664
3301157,Cardoso Moreira,RJ,0,-21.4846,-41.6165
3301207,Carmo,RJ,0,-21.931,-42.6046
3301306,Casimiro de Abreu,RJ,0,-22.4812,-42.2066
3301405,Conceição de Macabu,RJ,0,-22.0834,-41.8719
3301504,Cordeiro,RJ,0,-22.0267,-42.3648
3301603,Duas Barras,RJ,0,-22.0536,-42.5232
3301702,Duque de Caxias,RJ,0,-22.7858,-43.3049
3301801,Engenheiro Paulo de Frontin,RJ,0,-22.5498,-43.6827
3301850,Guapimirim,RJ,0,-22.5347,-42.9895
3301876,Iguaba Grande,RJ,0,-22.8495,-42.2299
3301900,Itaboraí,RJ,0,-22.7565,-42.8639
3302007,Itaguaí,RJ,0,-22.8636,-43.7798
3302056,Italva,RJ,0,-21.4296,-41.7014
3302106,Itaocara,RJ,0,-21.6748,-42.0758
3302205,Itaperuna,RJ,0,-21.1997,-41.8799
3302254,Itatiaia,RJ,0,-22.4897,-44.5675
3302270,Japeri,RJ,0,-22.6435,-43.6602
3302304,Laje do Muriaé,RJ,0,-21.2091,-42.1271
3302403,Macaé,RJ,0,-22.3768,-41.7848
3302452,Macuco,RJ,0,-21.9813,-42.2533
3302502,Magé,RJ,0,-22.6632,-43.0315
3302601,Mangaratiba,RJ,0,-22.9594,-44.0409
3302700,Maricá,RJ,0,-22.9354,-42.8246
3302809,Mendes,RJ,0,-22.5245,-43.7312
3302858,Mesquita,RJ,0,-22.8028,-43.4601
3302908,Miguel Pereira,RJ,0,-22.4572,-43.4803
3303005,Miracema,RJ,0,-21.4148,-42.1938
3303104,Natividade,RJ,0,-21.039,-41.9697
3303203,Nilópolis,RJ,0,-22.8057,-43.4233
3303302,Niterói,RJ,0,-22.8832,-43.1034
3303401,Nova Friburgo,RJ,0,-22.2932,-42.5377
3303500,Nova Iguaçu,RJ,0,-22.7556,-43.4603
3303609,Paracambi,RJ,0,-22.6078,-43.7108
3303708,Paraíba do Sul,RJ,0,-22.1585,-43.304
3303807,Paraty,RJ,0,-23.2221,-44.7175
3303856,Paty do Alferes,RJ,0,-22.4309,-43.4285
3303906,Petrópolis,RJ,0,-22.52,-43.1926
3303955,Pinheiral,RJ,0,-22.5172,-44.0022
3304003,Piraí,RJ,0,-22.6215,-43.9081
3304102,Porciúncula,RJ,0,-20.9632,-42.0465
3304110,Porto Real,RJ,0,-22.4175,-44.2952
3304128,Quatis,RJ,0,-22.4045,-44.2597
3304144,Queimados,RJ,0,-22.7102,-43.5518
3304151,Quissamã,RJ,0,-22.1031,-41.4693
3304201,Resende,RJ,0,-22.4705,-44.4509
3304300,Rio Bonito,RJ,0,-22.7181,-42.6276
3304409,Rio Claro,RJ,0,-22.72,-44.1419
3304508,Rio das Flores,RJ,0,-22.1692,-43.5856
3304524,Rio das Ostras,RJ,0,-22.5174,-41.9475
3304557,Rio de Janeiro,RJ,1,-22.9129,-43.2003
3304607,Santa Maria Madalena,RJ,0,-21.9547,-42.0098
3304706,Santo Antônio de Pádua,RJ,0,-21.541,-42.1832
3304755,São Francisco de Itabapoana,RJ,0,-21.4702,-41.1091
3304805,São Fidélis,RJ,0,-21.6551,-41.756
3304904,São Gonçalo,RJ,0,-22.8268,-43.0634
3305000,São João da Barra,RJ,0,-21.638,-41.0446
3305109,São João de Meriti,RJ,0,-22.8058,-43.3729
3305133,São José de Ubá,RJ,0,-21.3661,-41.9511
3305158,São José do Vale do Rio Preto,RJ,0,-22.1525,-42.9327
3305208,São Pedro da Aldeia,RJ,0,-22.8429,-42.1026
3305307,São Sebastião do Alto,RJ,0,-21.9578,-42.1328
3305406,Sapucaia,RJ,0,-21.9949,-42.9142
3305505,Saquarema,RJ,0,-22.9292,-42.5099
3305554,Seropédica,RJ,0,-22.7526,-43.7155
3305604,Silva Jardim,RJ,0,-22.6574,-42.3961
3305703,Sumidouro,RJ,0,-22.0485,-42.6761
3305752,Tanguá,RJ,0,-22.7423,-42.7202
3305802,Teresópolis,RJ,0,-22.4165,-42.9752
3305901,Trajano de Moraes,RJ,0,-22.0638,-42.0643
3306008,Três Rios,RJ,0,-22.1165,-43.2185
3306107,Valença,RJ,0,-22.2445,-43.7129
3306156,Varre-Sai,RJ,0,-20.9276,-41.8701
3306206,Vassouras,RJ,0,-22.4059,-43.6686
3306305,Volta Redonda,RJ,0,-22.5202,-44.0996
3500105,Adamantina,SP,0,-21.682,-51.0737
3500204,Adolfo,SP,0,-21.2325,-49.6451
3500303,Aguaí,SP,0,-22.0572,-46.9735
3500402,Águas da Prata,SP,0,-21.9319,-46.7176
3500501,Águas de Lindóia,SP,0,-22.4733,-46.6314
3500550,Águas de Santa Bárbara,SP,0,-22.8812,-49.2421
3500600,Águas de São Pedro,SP,0,-22.5977,-47.8734
3500709,Agudos,SP,0,-22.4694,-48.9863
3500758,Alambari,SP,0,-23.5503,-47.898
3500808,Alfredo Marcondes,SP,0,-21.9527,-51.414
3500907,Altair,SP,0,-20.5242,-49.0571
3501004,Altinópolis,SP,0,-21.0214,-47.3712
3501103,Alto Alegre,SP,0,-21.5811,-50.168
3501152,Alumínio,SP,0,-23.5306,-47.2546
3501202,Álvares Florence,SP,0,-20.3203,-49.9141
3501301,Álvares Machado,SP,0,-22.0764,-51.4722
3501400,Álvaro de Carvalho,SP,0,-22.0841,-49.719
3501509,Alvinlândia,SP,0,-22.4435,-49.7623
3501608,Americana,SP,0,-22.7374,-47.3331
3501707,Américo Brasiliense,SP,0,-21.7288,-48.1147
3501806,Américo de Campos,SP,0,-20.2985,-49.7359
3501905,Amparo,SP,0,-22.7088,-46.772
3502002,Analândia,SP,0,-22.1289,-47.6619
3502101,Andradina,SP,0,-20.8948,-51.3786
3502200,Angatuba,SP,0,-23.4917,-48.4139
3502309,Anhembi,SP,0,-22.793,-48.1336
3502408,Anhumas,SP,0,-22.2934,-51.3895
3502507,Aparecida,SP,0,-22.8495,-45.2325
3502606,Aparecida d'Oeste,SP,0,-20.4487,-50.8835
3502705,Apiaí,SP,0,-24.5108,-48.8443
3502754,Araçariguama,SP,0,-23.4366,-47.0608
3502804,Araçatuba,SP,0,-21.2076,-50.4401
3502903,Araçoiaba da Serra,SP,0,-23.5029,-47.6166
3503000,Aramina,SP,0,-20.0882,-47.7873
3503109,Arandu,SP,0,-23.1386,-49.0487
3503158,Arapeí,SP,0,-22.6717,-44.4441
3503208,Araraquara,SP,0,-21.7845,-48.178
3503307,Araras,SP,0,-22.3572,-47.3842
3503356,Arco-Íris,SP,0,-21.7728,-50.466
3503406,Arealva,SP,0,-22.031,-48.9135
3503505,Areias,SP,0,-22.5786,-44.6992
3503604,Areiópolis,SP,0,-22.6672,-48.6681
3503703,Ariranha,SP,0,-21.1872,-48.7904
3503802,Artur Nogueira,SP,0,-22.5727,-47.1727
3503901,Arujá,SP,0,-23.3965,-46.32
3503950,Aspásia,SP,0,-20.16,-50.728
3504008,Assis,SP,0,-22.66,-50.4183
3504107,Atibaia,SP,0,-23.1171,-46.5563
3504206,Auriflama,SP,0,-20.6836,-50.5572
3504305,Avaí,SP,0,-22.1514,-49.3356
3504404,Avanhandava,SP,0,-21.4584,-49.9509
3504503,Avaré,SP,0,-23.1067,-48.9251
3504602,Bady Bassitt,SP,0,-20.9197,-49.4385
3504701,Balbinos,SP,0,-21.8963,-49.3619
3504800,Bálsamo,SP,0,-20.7348,-49.5865
3504909,Bananal,SP,0,-22.6819,-44.3281
3505005,Barão de Antonina,SP,0,-23.6284,-49.5634
3505104,Barbosa,SP,0,-21.2657,-49.9518
3505203,Bariri,SP,0,-22.073,-48.7438
3505302,Barra Bonita,SP,0,-22.4909,-48.5583
3505351,Barra do Chapéu,SP,0,-24.4722,-49.0238
3505401,Barra do Turvo,SP,0,-24.759,-48.5013
3505500,Barretos,SP,0,-20.5531,-48.5698
3505609,Barrinha,SP,0,-21.1864,-48.1636
3505708,Barueri,SP,0,-23.5057,-46.879
3505807,Bastos,SP,0,-21.921,-50.7357
3505906,Batatais,SP,0,-20.8929,-47.5921
3506003,Bauru,SP,0,-22.3246,-49.0871
3506102,Bebedouro,SP,0,-20.9491,-48.4791
3506201,Bento de Abreu,SP,0,-21.2686,-50.814
3506300,Bernardino de Campos,SP,0,-23.0164,-49.4679
3506359,Bertioga,SP,0,-23.8486,-46.1396
3506409,Bilac,SP,0,-21.404,-50.4746
3506508,Birigui,SP,0,-21.291,-50.3432
3506607,Biritiba-Mirim,SP,0,-23.5698,-46.0407
3506706,Boa Esperança do Sul,SP,0,-21.9918,-48.3906
3506805,Bocaina,SP,0,-22.1365,-48.523
3506904,Bofete,SP,0,-23.1055,-48.2582
3507001,Boituva,SP,0,-23.2855,-47.6786
3507100,Bom Jesus dos Perdões,SP,0,-23.1356,-46.4675
3507159,Bom Sucesso de Itararé,SP,0,-24.3155,-49.1451
3507209,Borá,SP,0,-22.2696,-50.5409
3507308,Boracéia,SP,0,-22.1926,-48.7808
3507407,Borborema,SP,0,-21.6214,-49.0741
3507456,Borebi,SP,0,-22.5728,-48.9707
3507506,Botucatu,SP,0,-22.8837,-48.4437
3507605,Bragança Paulista,SP,0,-22.9527,-46.5419
3507704,Braúna,SP,0,-21.499,-50.3175
3507753,Brejo Alegre,SP,0,-21.1651,-50.1861
3507803,Brodowski,SP,0,-20.9845,-47.6572
3507902,Brotas,SP,0,-22.2795,-48.1251
3508009,Buri,SP,0,-23.7977,-48.5958
3508108,Buritama,SP,0,-21.0661,-50.1475
3508207,Buritizal,SP,0,-20.1911,-47.7096
3508306,Cabrália Paulista,SP,0,-22.4576,-49.3393
3508405,Cabreúva,SP,0,-23.3053,-47.1362
3508504,Caçapava,SP,0,-23.0992,-45.7076
3508603,Cachoeira Paulista,SP,0,-22.6665,-45.0154
3508702,Caconde,SP,0,-21.528,-46.6437
3508801,Cafelândia,SP,0,-21.8031,-49.6092
3508900,Caiabu,SP,0,-22.0127,-51.2394
3509007,Caieiras,SP,0,-23.3607,-46.7397
3509106,Caiuá,SP,0,-21.8322,-51.9969
3509205,Cajamar,SP,0,-23.355,-46.8781
3509254,Cajati,SP,0,-24.7324,-48.1223
3509304,Cajobi,SP,0,-20.8773,-48.8063
3509403,Cajuru,SP,0,-21.2749,-47.303
3509452,Campina do Monte Alegre,SP,0,-23.5895,-48.4758
3509502,Campinas,SP,0,-22.9053,-47.0659
3509601,Campo Limpo Paulista,SP,0,-23.2078,-46.7889
3509700,Campos do Jordão,SP,0,-22.7296,-45.5833
3509809,Campos Novos Paulista,SP,0,-22.602,-49.9987
3509908,Cananéia,SP,0,-25.0144,-47.9341
3509957,Canas,SP,0,-22.7003,-45.0521
3510005,Cândido Mota,SP,0,-22.7471,-50.3873
3510104,Cândido Rodrigues,SP,0,-21.3275,-48.6327
3510153,Canitar,SP,0,-23.004,-49.7839
3510203,Capão Bonito,SP,0,-24.0113,-48.3482
3510302,Capela do Alto,SP,0,-23.4685,-47.7388
3510401,Capivari,SP,0,-22.9951,-47.5071
3510500,Caraguatatuba,SP,0,-23.6125,-45.4125
3510609,Carapicuíba,SP,0,-23.5235,-46.8407
3510708,Cardoso,SP,0,-20.08,-49.9183
3510807,Casa Branca,SP,0,-21.7708,-47.0852
3510906,Cássia dos Coqueiros,SP,0,-21.2801,-47.1643
3511003,Castilho,SP,0,-20.8689,-51.4884
3511102,Catanduva,SP,0,-21.1314,-48.977
3511201,Catiguá,SP,0,-21.0519,-49.0616
3511300,Cedral,SP,0,-20.9009,-49.2664
3511409,Cerqueira César,SP,0,-23.038,-49.1655
3511508,Cerquilho,SP,0,-23.1665,-47.7459
3511607,Cesário Lange,SP,0,-23.226,-47.9545
3511706,Charqueada,SP,0,-22.5096,-47.7755
3511904,Clementina,SP,0,-21.5604,-50.4525
3512001,Colina,SP,0,-20.7114,-48.5387
3512100,Colômbia,SP,0,-20.1768,-48.6865
3512209,Conchal,SP,0,-22.3375,-47.1729
3512308,Conchas,SP,0,-23.0154,-48.0134
3512407,Cordeirópolis,SP,0,-22.4778,-47.4519
3512506,Coroados,SP,0,-21.3521,-50.2859
3512605,Coronel Macedo,SP,0,-23.6261,-49.31
3512704,Corumbataí,SP,0,-22.2213,-47.6215
3512803,Cosmópolis,SP,0,-22.6419,-47.1926
3512902,Cosmorama,SP,0,-20.4755,-49.7827
3513009,Cotia,SP,0,-23.6022,-46.919
3513108,Cravinhos,SP,0,-21.338,-47.7324
3513207,Cristais Paulista,SP,0,-20.4036,-47.4209
3513306,Cruzália,SP,0,-22.7373,-50.7909
3513405,Cruzeiro,SP,0,-22.5728,-44.969
3513504,Cubatão,SP,0,-23.8911,-46.424
3513603,Cunha,SP,0,-23.0731,-44.9576
3513702,Descalvado,SP,0,-21.9002,-47.6181
3513801,Diadema,SP,0,-23.6813,-46.6205
3513850,Dirce Reis,SP,0,-20.4642,-50.6073
3513900,Divinolândia,SP,0,-21.6637,-46.7361
3514007,Dobrada,SP,0,-21.5155,-48.3935
3514106,Dois Córregos,SP,0,-22.3673,-48.3819
3514205,Dolcinópolis,SP,0,-20.124,-50.5149
3514304,Dourado,SP,0,-22.1044,-48.3178
3514403,Dracena,SP,0,-21.4843,-51.535
3514502,Duartina,SP,0,-22.4146,-49.4084
3514601,Dumont,SP,0,-21.2324,-47.9756
3514700,Echaporã,SP,0,-22.4326,-50.2038
3514809,Eldorado,SP,0,-24.5281,-48.1141
3514908,Elias Fausto,SP,0,-23.0428,-47.3682
3514924,Elisiário,SP,0,-21.1678,-49.1146
3514957,Embaúba,SP,0,-20.9796,-48.8325
3515004,Embu das Artes,SP,0,-23.6437,-46.8579
3515103,Embu-Guaçu,SP,0,-23.8297,-46.8136
3515129,Emilianópolis,SP,0,-21.8314,-51.4832
3515152,Engenheiro Coelho,SP,0,-22.4836,-47.211
3515186,Espírito Santo do Pinhal,SP,0,-22.1909,-46.7477
3515194,Espírito Santo do Turvo,SP,0,-22.6925,-49.4341
3515202,Estrela d'Oeste,SP,0,-20.2875,-50.4049
3515301,Estrela do Norte,SP,0,-22.4859,-51.6632
3515350,Euclides da Cunha Paulista,SP,0,-22.5545,-52.5928
3515400,Fartura,SP,0,-23.3916,-49.5124
3515509,Fernandópolis,SP,0,-20.2806,-50.2471
3515608,Fernando Prestes,SP,0,-21.2661,-48.6874
3515657,Fernão,SP,0,-22.3607,-49.5187
3515707,Ferraz de Vasconcelos,SP,0,-23.5411,-46.371
3515806,Flora Rica,SP,0,-21.6727,-51.3821
3515905,Floreal,SP,0,-20.6752,-50.1513
3516002,Flórida Paulista,SP,0,-21.6127,-51.1724
3516101,Florínia,SP,0,-22.868,-50.6814
3516200,Franca,SP,0,-20.5352,-47.4039
3516309,Francisco Morato,SP,0,-23.2792,-46.7448
3516408,Franco da Rocha,SP,0,-23.3229,-46.729
3516507,Gabriel Monteiro,SP,0,-21.5294,-50.5573
3516606,Gália,SP,0,-22.2918,-49.5504
3516705,Garça,SP,0,-22.2125,-49.6546
3516804,Gastão Vidigal,SP,0,-20.7948,-50.1912
3516853,Gavião Peixoto,SP,0,-21.8367,-48.4957
3516903,General Salgado,SP,0,-20.6485,-50.364
3517000,Getulina,SP,0,-21.7961,-49.9312
3517109,Glicério,SP,0,-21.3812,-50.2123
3517208,Guaiçara,SP,0,-21.6195,-49.8013
3517307,Guaimbê,SP,0,-21.9091,-49.8986
3517406,Guaíra,SP,0,-20.3196,-48.312
3517505,Guapiaçu,SP,0,-20.7959,-49.2172
3517604,Guapiara,SP,0,-24.1892,-48.5295
3517703,Guará,SP,0,-20.4302,-47.8236
3517802,Guaraçaí,SP,0,-21.0292,-51.2119
3517901,Guaraci,SP,0,-20.4977,-48.9391
3518008,Guarani d'Oeste,SP,0,-20.0746,-50.3411
3518107,Guarantã,SP,0,-21.8942,-49.5914
3518206,Guararapes,SP,0,-21.2544,-50.6453
3518305,Guararema,SP,0,-23.4112,-46.0369
3518404,Guaratinguetá,SP,0,-22.8075,-45.1938
3518503,Guareí,SP,0,-23.3714,-48.1837
3518602,Guariba,SP,0,-21.3594,-48.2316
3518701,Guarujá,SP,0,-23.9888,-46.258
3518800,Guarulhos,SP,0,-23.4538,-46.5333
3518859,Guatapará,SP,0,-21.4944,-48.0356
3518909,Guzolândia,SP,0,-20.6467,-50.6645
3519006,Herculândia,SP,0,-22.0038,-50.3907
3519055,Holambra,SP,0,-22.6405,-47.0487
3519071,Hortolândia,SP,0,-22.8529,-47.2143
3519105,Iacanga,SP,0,-21.8896,-49.031
3519204,Iacri,SP,0,-21.8572,-50.6932
3519253,Iaras,SP,0,-22.8682,-49.1634
3519303,Ibaté,SP,0,-21.9584,-47.9882
3519402,Ibirá,SP,0,-21.083,-49.2448
3519501,Ibirarema,SP,0,-22.8185,-50.0739
3519600,Ibitinga,SP,0,-21.7562,-48.8319
3519709,Ibiúna,SP,0,-23.6596,-47.223
3519808,Icém,SP,0,-20.3391,-49.1915
3519907,Iepê,SP,0,-22.6602,-51.0779
3520004,Igaraçu do Tietê,SP,0,-22.509,-48.5597
3520103,Igarapava,SP,0,-20.0407,-47.7466
3520202,Igaratá,SP,0,-23.2037,-46.157
3520301,Iguape,SP,0,-24.699,-47.5537
3520400,Ilhabela,SP,0,-23.7785,-45.3552
3520426,Ilha Comprida,SP,0,-24.7307,-47.5383
3520442,Ilha Solteira,SP,0,-20.4326,-51.3426
3520509,Indaiatuba,SP,0,-23.0816,-47.2101
3520608,Indiana,SP,0,-22.1738,-51.2555
3520707,Indiaporã,SP,0,-19.979,-50.2909
3520806,Inúbia Paulista,SP,0,-21.7695,-50.9633
3520905,Ipaussu,SP,0,-23.0575,-49.6279
3521002,Iperó,SP,0,-23.3513,-47.6927
3521101,Ipeúna,SP,0,-22.4355,-47.7151
3521150,Ipiguá,SP,0,-20.6557,-49.3842
3521200,Iporanga,SP,0,-24.5847,-48.5971
3521309,Ipuã,SP,0,-20.4438,-48.0129
3521408,Iracemápolis,SP,0,-22.5832,-47.523
3521507,Irapuã,SP,0,-21.2768,-49.4164
3521606,Irapuru,SP,0,-21.5684,-51.3472
3521705,Itaberá,SP,0,-23.8638,-49.14
3521804,Itaí,SP,0,-23.4213,-49.092
3521903,Itajobi,SP,0,-21.3123,-49.0629
3522000,Itaju,SP,0,-21.9857,-48.8116
3522109,Itanhaém,SP,0,-24.1736,-46.788
3522158,Itaóca,SP,0,-24.6393,-48.8413
3522208,Itapecerica da Serra,SP,0,-23.7161,-46.8572
3522307,Itapetininga,SP,0,-23.5886,-48.0483
3522406,Itapeva,SP,0,-23.9788,-48.8764
3522505,Itapevi,SP,0,-23.5488,-46.9327
3522604,Itapira,SP,0,-22.4357,-46.8224
3522653,Itapirapuã Paulista,SP,0,-24.572,-49.1661
3522703,Itápolis,SP,0,-21.5942,-48.8149
3522802,Itaporanga,SP,0,-23.7043,-49.4819
3522901,Itapuí,SP,0,-22.2324,-48.7197
3523008,Itapura,SP,0,-20.6419,-51.5063
3523107,Itaquaquecetuba,SP,0,-23.4835,-46.3457
3523206,Itararé,SP,0,-24.1085,-49.3352
3523305,Itariri,SP,0,-24.2834,-47.1736
3523404,Itatiba,SP,0,-23.0035,-46.8464
3523503,Itatinga,SP,0,-23.1047,-48.6157
3523602,Itirapina,SP,0,-22.2562,-47.8166
3523701,Itirapuã,SP,0,-20.6416,-47.2194
3523800,Itobi,SP,0,-21.7309,-46.9743
3523909,Itu,SP,0,-23.2544,-47.2927
3524006,Itupeva,SP,0,-23.1526,-47.0593
3524105,Ituverava,SP,0,-20.3355,-47.7902
3524204,Jaborandi,SP,0,-20.6884,-48.4112
3524303,Jaboticabal,SP,0,-21.252,-48.3252
3524402,Jacareí,SP,0,-23.2983,-45.9658
3524501,Jaci,SP,0,-20.8805,-49.5797
3524600,Jacupiranga,SP,0,-24.6963,-48.0064
3524709,Jaguariúna,SP,0,-22.7037,-46.9851
3524808,Jales,SP,0,-20.2672,-50.5494
3524907,Jambeiro,SP,0,-23.2522,-45.6942
3525003,Jandira,SP,0,-23.5275,-46.9023
3525102,Jardinópolis,SP,0,-21.0176,-47.7606
3525201,Jarinu,SP,0,-23.1039,-46.728
3525300,Jaú,SP,0,-22.2936,-48.5592
3525409,Jeriquara,SP,0,-20.3116,-47.5918
3525508,Joanópolis,SP,0,-22.927,-46.2741
3525607,João Ramalho,SP,0,-22.2473,-50.7694
3525706,José Bonifácio,SP,0,-21.0551,-49.6892
3525805,Júlio Mesquita,SP,0,-22.0112,-49.7873
3525854,Jumirim,SP,0,-23.0884,-47.7868
3525904,Jundiaí,SP,0,-23.1852,-46.8974
3526001,Junqueirópolis,SP,0,-21.5103,-51.4342
3526100,Juquiá,SP,0,-24.3101,-47.6426
3526209,Juquitiba,SP,0,-23.9244,-47.0653
3526308,Lagoinha,SP,0,-23.0846,-45.1944
3526407,Laranjal Paulista,SP,0,-23.0506,-47.8375
3526506,Lavínia,SP,0,-21.1639,-51.0412
3526605,Lavrinhas,SP,0,-22.57,-44.9024
3526704,Leme,SP,0,-22.1809,-47.3841
3526803,Lençóis Paulista,SP,0,-22.6027,-48.8037
3526902,Limeira,SP,0,-22.566,-47.397
3527009,Lindóia,SP,0,-22.5226,-46.65
3527108,Lins,SP,0,-21.6718,-49.7526
3527207,Lorena,SP,0,-22.7334,-45.1197
3527256,Lourdes,SP,0,-20.966,-50.2263
3527306,Louveira,SP,0,-23.0856,-46.9484
3527405,Lucélia,SP,0,-21.7182,-51.0215
3527504,Lucianópolis,SP,0,-22.4294,-49.522
3527603,Luís Antônio,SP,0,-21.55,-47.7801
3527702,Luiziânia,SP,0,-21.6737,-50.3294
3527801,Lupércio,SP,0,-22.4146,-49.818
3527900,Lutécia,SP,0,-22.3384,-50.394
3528007,Macatuba,SP,0,-22.5002,-48.7102
3528106,Macaubal,SP,0,-20.8022,-49.9687
3528205,Macedônia,SP,0,-20.1444,-50.1973
3528304,Magda,SP,0,-20.6445,-50.2305
3528403,Mairinque,SP,0,-23.5398,-47.185
3528502,Mairiporã,SP,0,-23.3171,-46.5897
3528601,Manduri,SP,0,-23.0056,-49.3202
3528700,Marabá Paulista,SP,0,-22.1068,-51.9617
3528809,Maracaí,SP,0,-22.6149,-50.6713
3528858,Marapoama,SP,0,-21.2587,-49.13
3528908,Mariápolis,SP,0,-21.7959,-51.1824
3529005,Marília,SP,0,-22.2171,-49.9501
3529104,Marinópolis,SP,0,-20.4389,-50.8254
3529203,Martinópolis,SP,0,-22.1462,-51.1709
3529302,Matão,SP,0,-21.6025,-48.364
3529401,Mauá,SP,0,-23.6677,-46.4613
3529500,Mendonça,SP,0,-21.1757,-49.5791
3529609,Meridiano,SP,0,-20.3579,-50.1811
3529658,Mesópolis,SP,0,-19.9684,-50.6326
3529708,Miguelópolis,SP,0,-20.1796,-48.031
3529807,Mineiros do Tietê,SP,0,-22.412,-48.451
3529906,Miracatu,SP,0,-24.2766,-47.4625
3530003,Mira Estrela,SP,0,-19.9789,-50.139
3530102,Mirandópolis,SP,0,-21.1313,-51.1035
3530201,Mirante do Paranapanema,SP,0,-22.2904,-51.9084
3530300,Mirassol,SP,0,-20.8169,-49.5206
3530409,Mirassolândia,SP,0,-20.6179,-49.4617
3530508,Mococa,SP,0,-21.4647,-47.0024
3530607,Mogi das Cruzes,SP,0,-23.5208,-46.1854
3530706,Mogi Guaçu,SP,0,-22.3675,-46.9428
3530805,Mogi Mirim,SP,0,-22.4332,-46.9532
3530904,Mombuca,SP,0,-22.9285,-47.559
3531001,Monções,SP,0,-20.8509,-50.0975
3531100,Mongaguá,SP,0,-24.0809,-46.6265
3531209,Monte Alegre do Sul,SP,0,-22.6817,-46.681
3531308,Monte Alto,SP,0,-21.2655,-48.4971
3531407,Monte Aprazível,SP,0,-20.768,-49.7184
3531506,Monte Azul Paulista,SP,0,-20.9065,-48.6387
3531605,Monte Castelo,SP,0,-21.2981,-51.5679
3531704,Monteiro Lobato,SP,0,-22.9544,-45.8407
3531803,Monte Mor,SP,0,-22.945,-47.3122
3531902,Morro Agudo,SP,0,-20.7288,-48.0581
3532009,Morungaba,SP,0,-22.8811,-46.7896
3532058,Motuca,SP,0,-21.5103,-48.1538
3532108,Murutinga do Sul,SP,0,-20.9908,-51.2774
3532157,Nantes,SP,0,-22.6156,-51.24
3532207,Narandiba,SP,0,-22.4057,-51.5274
3532306,Natividade da Serra,SP,0,-23.3707,-45.4468
3532405,Nazaré Paulista,SP,0,-23.1747,-46.3983
3532504,Neves Paulista,SP,0,-20.843,-49.6358
3532603,Nhandeara,SP,0,-20.6945,-50.0436
3532702,Nipoã,SP,0,-20.9114,-49.7833
3532801,Nova Aliança,SP,0,-21.0156,-49.4986
3532827,Nova Campina,SP,0,-24.1224,-48.9022
3532843,Nova Canaã Paulista,SP,0,-20.3836,-50.9483
3532868,Nova Castilho,SP,0,-20.7615,-50.3477
3532900,Nova Europa,SP,0,-21.7765,-48.5705
3533007,Nova Granada,SP,0,-20.5321,-49.3123
3533106,Nova Guataporanga,SP,0,-21.332,-51.6447
3533205,Nova Independência,SP,0,-21.1026,-51.4905
3533254,Novais,SP,0,-20.9893,-48.9141
3533304,Nova Luzitânia,SP,0,-20.856,-50.2617
3533403,Nova Odessa,SP,0,-22.7832,-47.2941
3533502,Novo Horizonte,SP,0,-21.4651,-49.2234
3533601,Nuporanga,SP,0,-20.7296,-47.7429
3533700,Ocauçu,SP,0,-22.438,-49.922
3533809,Óleo,SP,0,-22.9435,-49.3419
3533908,Olímpia,SP,0,-20.7366,-48.9106
3534005,Onda Verde,SP,0,-20.6042,-49.2929
3534104,Oriente,SP,0,-22.1549,-50.0971
3534203,Orindiúva,SP,0,-20.1861,-49.3464
3534302,Orlândia,SP,0,-20.7169,-47.8852
3534401,Osasco,SP,0,-23.5324,-46.7916
3534500,Oscar Bressane,SP,0,-22.3149,-50.2811
3534609,Osvaldo Cruz,SP,0,-21.7968,-50.8793
3534708,Ourinhos,SP,0,-22.9797,-49.8697
3534757,Ouroeste,SP,0,-20.0061,-50.3768
3534807,Ouro Verde,SP,0,-21.4872,-51.7024
3534906,Pacaembu,SP,0,-21.5627,-51.2654
3535002,Palestina,SP,0,-20.39,-49.4309
3535101,Palmares Paulista,SP,0,-21.0854,-48.8037
3535200,Palmeira d'Oeste,SP,0,-20.4148,-50.7632
3535309,Palmital,SP,0,-22.7858,-50.218
3535408,Panorama,SP,0,-21.354,-51.8562
3535507,Paraguaçu Paulista,SP,0,-22.4114,-50.5732
3535606,Paraibuna,SP,0,-23.3872,-45.6639
3535705,Paraíso,SP,0,-21.0159,-48.7761
3535804,Paranapanema,SP,0,-23.3862,-48.7214
3535903,Paranapuã,SP,0,-20.1048,-50.5886
3536000,Parapuã,SP,0,-21.7792,-50.7949
3536109,Pardinho,SP,0,-23.0841,-48.3679
3536208,Pariquera-Açu,SP,0,-24.7147,-47.8742
3536257,Parisi,SP,0,-20.3034,-50.0163
3536307,Patrocínio Paulista,SP,0,-20.6384,-47.2801
3536406,Paulicéia,SP,0,-21.3153,-51.8321
3536505,Paulínia,SP,0,-22.7542,-47.1488
3536570,Paulistânia,SP,0,-22.5768,-49.4008
3536604,Paulo de Faria,SP,0,-20.0296,-49.4
3536703,Pederneiras,SP,0,-22.3511,-48.7781
3536802,Pedra Bela,SP,0,-22.7902,-46.4455
3536901,Pedranópolis,SP,0,-20.2474,-50.1129
3537008,Pedregulho,SP,0,-20.2535,-47.4775
3537107,Pedreira,SP,0,-22.7413,-46.8948
3537156,Pedrinhas Paulista,SP,0,-22.8174,-50.7933
3537206,Pedro de Toledo,SP,0,-24.2764,-47.2354
3537305,Penápolis,SP,0,-21.4148,-50.0769
3537404,Pereira Barreto,SP,0,-20.6368,-51.1123
3537503,Pereiras,SP,0,-23.0804,-47.972
3537602,Peruíbe,SP,0,-24.312,-47.0012
3537701,Piacatu,SP,0,-21.5921,-50.6003
3537800,Piedade,SP,0,-23.7139,-47.4256
3537909,Pilar do Sul,SP,0,-23.8077,-47.7222
3538006,Pindamonhangaba,SP,0,-22.9246,-45.4613
3538105,Pindorama,SP,0,-21.1853,-48.9086
3538204,Pinhalzinho,SP,0,-22.7811,-46.5897
3538303,Piquerobi,SP,0,-21.8747,-51.7282
3538501,Piquete,SP,0,-22.6069,-45.1869
3538600,Piracaia,SP,0,-23.0525,-46.3594
3538709,Piracicaba,SP,0,-22.7338,-47.6476
3538808,Piraju,SP,0,-23.1981,-49.3803
3538907,Pirajuí,SP,0,-21.999,-49.4608
3539004,Pirangi,SP,0,-21.0886,-48.6607
3539103,Pirapora do Bom Jesus,SP,0,-23.3965,-46.9991
3539202,Pirapozinho,SP,0,-22.2711,-51.4976
3539301,Pirassununga,SP,0,-21.996,-47.4257
3539400,Piratininga,SP,0,-22.4142,-49.1339
3539509,Pitangueiras,SP,0,-21.0132,-48.221
3539608,Planalto,SP,0,-21.0342,-49.933
3539707,Platina,SP,0,-22.6371,-50.2104
3539806,Poá,SP,0,-23.5333,-46.3473
3539905,Poloni,SP,0,-20.7829,-49.8258
3540002,Pompéia,SP,0,-22.107,-50.176
3540101,Pongaí,SP,0,-21.7396,-49.3604
3540200,Pontal,SP,0,-21.0216,-48.0423
3540259,Pontalinda,SP,0,-20.4396,-50.5258
3540309,Pontes Gestal,SP,0,-20.1727,-49.7064
3540408,Populina,SP,0,-19.9453,-50.538
3540507,Porangaba,SP,0,-23.1761,-48.1195
3540606,Porto Feliz,SP,0,-23.2093,-47.5251
3540705,Porto Ferreira,SP,0,-21.8498,-47.487
3540754,Potim,SP,0,-22.8343,-45.2552
3540804,Potirendaba,SP,0,-21.0428,-49.3815
3540853,Pracinha,SP,0,-21.8496,-51.0868
3540903,Pradópolis,SP,0,-21.3626,-48.0679
3541000,Praia Grande,SP,0,-24.0084,-46.4121
3541059,Pratânia,SP,0,-22.8112,-48.6636
3541109,Presidente Alves,SP,0,-22.0999,-49.4381
3541208,Presidente Bernardes,SP,0,-22.0082,-51.5565
3541307,Presidente Epitácio,SP,0,-21.7651,-52.1111
3541406,Presidente Prudente,SP,0,-22.1207,-51.3925
3541505,Presidente Venceslau,SP,0,-21.8732,-51.8447
3541604,Promissão,SP,0,-21.5356,-49.8599
3541653,Quadra,SP,0,-23.2993,-48.0547
3541703,Quatá,SP,0,-22.2456,-50.6966
3541802,Queiroz,SP,0,-21.7969,-50.2415
3541901,Queluz,SP,0,-22.5312,-44.7781
3542008,Quintana,SP,0,-22.0692,-50.307
3542107,Rafard,SP,0,-23.0105,-47.5318
3542206,Rancharia,SP,0,-22.2269,-50.893
3542305,Redenção da Serra,SP,0,-23.2638,-45.5422
3542404,Regente Feijó,SP,0,-22.2181,-51.3055
3542503,Reginópolis,SP,0,-21.8914,-49.2268
3542602,Registro,SP,0,-24.4979,-47.8449
3542701,Restinga,SP,0,-20.6056,-47.4833
3542800,Ribeira,SP,0,-24.6517,-49.0044
3542909,Ribeirão Bonito,SP,0,-22.0685,-48.182
3543006,Ribeirão Branco,SP,0,-24.2206,-48.7635
3543105,Ribeirão Corrente,SP,0,-20.4579,-47.5904
3543204,Ribeirão do Sul,SP,0,-22.789,-49.933
3543238,Ribeirão dos Índios,SP,0,-21.8382,-51.6103
3543253,Ribeirão Grande,SP,0,-24.1011,-48.3679
3543303,Ribeirão Pires,SP,0,-23.7067,-46.4058
3543402,Ribeirão Preto,SP,0,-21.1699,-47.8099
3543501,Riversul,SP,0,-23.829,-49.429
3543600,Rifaina,SP,0,-20.0803,-47.4291
3543709,Rincão,SP,0,-21.5894,-48.0728
3543808,Rinópolis,SP,0,-21.7284,-50.7239
3543907,Rio Claro,SP,0,-22.3984,-47.5546
3544004,Rio das Pedras,SP,0,-22.8417,-47.6047
3544103,Rio Grande da Serra,SP,0,-23.7437,-46.3971
3544202,Riolândia,SP,0,-19.9868,-49.6836
3544251,Rosana,SP,0,-22.5782,-53.0603
3544301,Roseira,SP,0,-22.8938,-45.307
3544400,Rubiácea,SP,0,-21.3006,-50.7296
3544509,Rubinéia,SP,0,-20.1759,-51.007
3544608,Sabino,SP,0,-21.4593,-49.5755
3544707,Sagres,SP,0,-21.8823,-50.9594
3544806,Sales,SP,0,-21.3427,-49.4897
3544905,Sales Oliveira,SP,0,-20.7696,-47.8369
3545001,Salesópolis,SP,0,-23.5288,-45.8465
3545100,Salmourão,SP,0,-21.6267,-50.8614
3545159,Saltinho,SP,0,-22.8442,-47.6754
3545209,Salto,SP,0,-23.1996,-47.2931
3545308,Salto de Pirapora,SP,0,-23.6474,-47.5743
3545407,Salto Grande,SP,0,-22.8894,-49.9831
3545506,Sandovalina,SP,0,-22.4551,-51.7648
3545605,Santa Adélia,SP,0,-21.2427,-48.8063
3545704,Santa Albertina,SP,0,-20.0311,-50.7297
3545803,Santa Bárbara d'Oeste,SP,0,-22.7553,-47.4143
3546009,Santa Branca,SP,0,-23.3933,-45.8875
3546108,Santa Clara d'Oeste,SP,0,-20.09,-50.9491
3546207,Santa Cruz da Conceição,SP,0,-22.1405,-47.4512
3546256,Santa Cruz da Esperança,SP,0,-21.2951,-47.4304
3546306,Santa Cruz das Palmeiras,SP,0,-21.8235,-47.248
3546405,Santa Cruz do Rio Pardo,SP,0,-22.8988,-49.6354
3546504,Santa Ernestina,SP,0,-21.4618,-48.3953
3546603,Santa Fé do Sul,SP,0,-20.2083,-50.932
3546702,Santa Gertrudes,SP,0,-22.4572,-47.5272
3546801,Santa Isabel,SP,0,-23.3172,-46.2237
3546900,Santa Lúcia,SP,0,-21.685,-48.0885
3547007,Santa Maria da Serra,SP,0,-22.5661,-48.1593
3547106,Santa Mercedes,SP,0,-21.3495,-51.7564
3547205,Santana da Ponte Pensa,SP,0,-20.2523,-50.8014
3547304,Santana de Parnaíba,SP,0,-23.4439,-46.9178
3547403,Santa Rita d'Oeste,SP,0,-20.1414,-50.8358
3547502,Santa Rita do Passa Quatro,SP,0,-21.7083,-47.478
3547601,Santa Rosa de Viterbo,SP,0,-21.4776,-47.3622
3547650,Santa Salete,SP,0,-20.2429,-50.6887
3547700,Santo Anastácio,SP,0,-21.9747,-51.6527
3547809,Santo André,SP,0,-23.6737,-46.5432
3547908,Santo Antônio da Alegria,SP,0,-21.0864,-47.1464
3548005,Santo Antônio de Posse,SP,0,-22.6029,-46.9192
3548054,Santo Antônio do Aracanguá,SP,0,-20.9331,-50.498
3548104,Santo Antônio do Jardim,SP,0,-22.1121,-46.6845
3548203,Santo Antônio do Pinhal,SP,0,-22.827,-45.663
3548302,Santo Expedito,SP,0,-21.8467,-51.3929
3548401,Santópolis do Aguapeí,SP,0,-21.6376,-50.5044
3548500,Santos,SP,0,-23.9535,-46.335
3548609,São Bento do Sapucaí,SP,0,-22.6837,-45.7287
3548708,São Bernardo do Campo,SP,0,-23.6914,-46.5646
3548807,São Caetano do Sul,SP,0,-23.6229,-46.5548
3548906,São Carlos,SP,0,-22.0174,-47.886
3549003,São Francisco,SP,0,-20.3623,-50.6952
3549102,São João da Boa Vista,SP,0,-21.9707,-46.7944
3549201,São João das Duas Pontes,SP,0,-20.3879,-50.3792
3549250,São João de Iracema,SP,0,-20.5111,-50.3561
3549300,São João do Pau d'Alho,SP,0,-21.2662,-51.6672
3549409,São Joaquim da Barra,SP,0,-20.5812,-47.8593
3549508,São José da Bela Vista,SP,0,-20.5935,-47.6424
3549607,São José do Barreiro,SP,0,-22.6414,-44.5774
3549706,São José do Rio Pardo,SP,0,-21.5953,-46.8873
3549805,São José do Rio Preto,SP,0,-20.8113,-49.3758
3549904,São José dos Campos,SP,0,-23.1896,-45.8841
3549953,São Lourenço da Serra,SP,0,-23.8491,-46.9432
3550001,São Luiz do Paraitinga,SP,0,-23.222,-45.3109
3550100,São Manuel,SP,0,-22.7321,-48.5723
3550209,São Miguel Arcanjo,SP,0,-23.8782,-47.9935
3550308,São Paulo,SP,1,-23.5329,-46.6395
3550407,São Pedro,SP,0,-22.5483,-47.9096
3550506,São Pedro do Turvo,SP,0,-22.7453,-49.7428
3550605,São Roque,SP,0,-23.5226,-47.1357
3550704,São Sebastião,SP,0,-23.7951,-45.4143
3550803,São Sebastião da Grama,SP,0,-21.7041,-46.8208
3550902,São Simão,SP,0,-21.4732,-47.5518
3551009,São Vicente,SP,0,-23.9574,-46.3883
3551108,Sarapuí,SP,0,-23.6397,-47.8249
3551207,Sarutaiá,SP,0,-23.2721,-49.4763
3551306,Sebastianópolis do Sul,SP,0,-20.6523,-49.925
3551405,Serra Azul,SP,0,-21.3074,-47.5602
3551504,Serrana,SP,0,-21.2043,-47.5952
3551603,Serra Negra,SP,0,-22.6139,-46.7033
3551702,Sertãozinho,SP,0,-21.1316,-47.9875
3551801,Sete Barras,SP,0,-24.382,-47.9279
3551900,Severínia,SP,0,-20.8108,-48.8054
3552007,Silveiras,SP,0,-22.6638,-44.8522
3552106,Socorro,SP,0,-22.5903,-46.5251
3552205,Sorocaba,SP,0,-23.4969,-47.4451
3552304,Sud Mennucci,SP,0,-20.6872,-50.9238
3552403,Sumaré,SP,0,-22.8204,-47.2728
3552502,Suzano,SP,0,-23.5448,-46.3112
3552551,Suzanápolis,SP,0,-20.4981,-51.0268
3552601,Tabapuã,SP,0,-20.9602,-49.0307
3552700,Tabatinga,SP,0,-21.7239,-48.6896
3552809,Taboão da Serra,SP,0,-23.6019,-46.7526
3552908,Taciba,SP,0,-22.3866,-51.2882
3553005,Taguaí,SP,0,-23.4452,-49.4024
3553104,Taiaçu,SP,0,-21.1431,-48.5112
3553203,Taiúva,SP,0,-21.1223,-48.4528
3553302,Tambaú,SP,0,-21.7029,-47.2703
3553401,Tanabi,SP,0,-20.6228,-49.6563
3553500,Tapiraí,SP,0,-23.9612,-47.5062
3553609,Tapiratiba,SP,0,-21.4713,-46.7448
3553658,Taquaral,SP,0,-21.0737,-48.4126
3553708,Taquaritinga,SP,0,-21.4049,-48.5103
3553807,Taquarituba,SP,0,-23.5307,-49.241
3553856,Taquarivaí,SP,0,-23.9211,-48.6948
3553906,Tarabai,SP,0,-22.3016,-51.5621
3553955,Tarumã,SP,0,-22.7429,-50.5786
3554003,Tatuí,SP,0,-23.3487,-47.8461
3554102,Taubaté,SP,0,-23.0104,-45.5593
3554201,Tejupá,SP,0,-23.3425,-49.3722
3554300,Teodoro Sampaio,SP,0,-22.5299,-52.1682
3554409,Terra Roxa,SP,0,-20.787,-48.3314
3554508,Tietê,SP,0,-23.1101,-47.7164
3554607,Timburi,SP,0,-23.2057,-49.6096
3554656,Torre de Pedra,SP,0,-23.2462,-48.1955
3554706,Torrinha,SP,0,-22.4237,-48.1731
3554755,Trabiju,SP,0,-22.0388,-48.3342
3554805,Tremembé,SP,0,-22.9571,-45.5475
3554904,Três Fronteiras,SP,0,-20.2344,-50.8905
3554953,Tuiuti,SP,0,-22.8193,-46.6937
3555000,Tupã,SP,0,-21.9335,-50.5191
3555109,Tupi Paulista,SP,0,-21.3825,-51.575
3555208,Turiúba,SP,0,-20.9428,-50.1135
3555307,Turmalina,SP,0,-20.0486,-50.4792
3555356,Ubarana,SP,0,-21.165,-49.7198
3555406,Ubatuba,SP,0,-23.4332,-45.0834
3555505,Ubirajara,SP,0,-22.5272,-49.6613
3555604,Uchoa,SP,0,-20.9511,-49.1713
3555703,União Paulista,SP,0,-20.8862,-49.9025
3555802,Urânia,SP,0,-20.2455,-50.6455
3555901,Uru,SP,0,-21.7866,-49.2848
3556008,Urupês,SP,0,-21.2032,-49.2931
3556107,Valentim Gentil,SP,0,-20.4217,-50.0889
3556206,Valinhos,SP,0,-22.9698,-46.9974
3556305,Valparaíso,SP,0,-21.2229,-50.8699
3556354,Vargem,SP,0,-22.887,-46.4124
3556404,Vargem Grande do Sul,SP,0,-21.8322,-46.8913
3556453,Vargem Grande Paulista,SP,0,-23.5993,-47.022
3556503,Várzea Paulista,SP,0,-23.2136,-46.8234
3556602,Vera Cruz,SP,0,-22.2183,-49.8207
3556701,Vinhedo,SP,0,-23.0302,-46.9833
3556800,Viradouro,SP,0,-20.8734,-48.293
3556909,Vista Alegre do Alto,SP,0,-21.1692,-48.6284
3556958,Vitória Brasil,SP,0,-20.1956,-50.4875
3557006,Votorantim,SP,0,-23.5446,-47.4388
3557105,Votuporanga,SP,0,-20.4237,-49.9781
3557154,Zacarias,SP,0,-21.0506,-50.0552
3557204,Chavantes,SP,0,-23.0366,-49.7096
3557303,Estiva Gerbi,SP,0,-22.2713,-46.9481
4100103,Abatiá,PR,0,-23.3049,-50.3133
4100202,Adrianópolis,PR,0,-24.6606,-48.9922
4100301,Agudos do Sul,PR,0,-25.9899,-49.3343
4100400,Almirante Tamandaré,PR,0,-25.3188,-49.3037
4100459,Altamira do Paraná,PR,0,-24.7983,-52.7128
4100509,Altônia,PR,0,-23.8759,-53.8958
4100608,Alto Paraná,PR,0,-23.1312,-52.3189
4100707,Alto Piquiri,PR,0,-24.0224,-53.44
4100806,Alvorada do Sul,PR,0,-22.7813,-51.2297
4100905,Amaporã,PR,0,-23.0943,-52.7866
4101002,Ampére,PR,0,-25.9168,-53.4686
4101051,Anahy,PR,0,-24.6449,-53.1332
4101101,Andirá,PR,0,-23.0533,-50.2304
4101150,Ângulo,PR,0,-23.1946,-51.9154
4101200,Antonina,PR,0,-25.4386,-48.7191
4101309,Antônio Olinto,PR,0,-25.9804,-50.1972
4101408,Apucarana,PR,0,-23.55,-51.4635
4101507,Arapongas,PR,0,-23.4153,-51.4259
4101606,Arapoti,PR,0,-24.1548,-49.8285
4101655,Arapuã,PR,0,-24.3132,-51.7856
4101705,Araruna,PR,0,-23.9315,-52.5021
4101804,Araucária,PR,0,-25.5859,-49.4047
4101853,Ariranha do Ivaí,PR,0,-24.3857,-51.5839
4101903,Assaí,PR,0,-23.3697,-50.8459
4102000,Assis Chateaubriand,PR,0,-24.4168,-53.5213
4102109,Astorga,PR,0,-23.2318,-51.6668
4102208,Atalaia,PR,0,-23.1517,-52.0551
4102307,Balsa Nova,PR,0,-25.5804,-49.6291
4102406,Bandeirantes,PR,0,-23.1078,-50.3704
4102505,Barbosa Ferraz,PR,0,-24.0334,-52.004
4102604,Barracão,PR,0,-26.2502,-53.6324
4102703,Barra do Jacaré,PR,0,-23.116,-50.1842
4102752,Bela Vista da Caroba,PR,0,-25.8842,-53.6725
4102802,Bela Vista do Paraíso,PR,0,-22.9937,-51.1927
4102901,Bituruna,PR,0,-26.1607,-51.5518
4103008,Boa Esperança,PR,0,-24.2467,-52.7876
4103024,Boa Esperança do Iguaçu,PR,0,-25.6324,-53.2108
4103040,Boa Ventura de São Roque,PR,0,-24.8688,-51.6276
4103057,Boa Vista da Aparecida,PR,0,-25.4308,-53.4117
4103107,Bocaiúva do Sul,PR,0,-25.2066,-49.1141
4103156,Bom Jesus do Sul,PR,0,-26.1958,-53.5955
4103206,Bom Sucesso,PR,0,-23.7063,-51.7671
4103222,Bom Sucesso do Sul,PR,0,-26.0731,-52.8353
4103305,Borrazópolis,PR,0,-23.9366,-51.5875
4103354,Braganey,PR,0,-24.8173,-53.1218
4103370,Brasilândia do Sul,PR,0,-24.1978,-53.5275
4103404,Cafeara,PR,0,-22.789,-51.7142
4103453,Cafelândia,PR,0,-24.6189,-53.3207
4103479,Cafezal do Sul,PR,0,-23.9005,-53.5124
4103503,Califórnia,PR,0,-23.6566,-51.3574
4103602,Cambará,PR,0,-23.0423,-50.0753
4103701,Cambé,PR,0,-23.2766,-51.2798
4103800,Cambira,PR,0,-23.589,-51.5792
4103909,Campina da Lagoa,PR,0,-24.5893,-52.7976
4103958,Campina do Simão,PR,0,-25.0802,-51.8237
4104006,Campina Grande do Sul,PR,0,-25.3044,-49.0551
4104055,Campo Bonito,PR,0,-25.0294,-52.9939
4104105,Campo do Tenente,PR,0,-25.98,-49.6844
4104204,Campo Largo,PR,0,-25.4525,-49.529
4104253,Campo Magro,PR,0,-25.3687,-49.4501
4104303,Campo Mourão,PR,0,-24.0463,-52.378
4104402,Cândido de Abreu,PR,0,-24.5649,-51.3372
4104428,Candói,PR,0,-25.5758,-52.0409
4104451,Cantagalo,PR,0,-25.3734,-52.1198
4104501,Capanema,PR,0,-25.6691,-53.8055
4104600,Capitão Leônidas Marques,PR,0,-25.4816,-53.6112
4104659,Carambeí,PR,0,-24.9152,-50.0986
4104709,Carlópolis,PR,0,-23.4269,-49.7235
4104808,Cascavel,PR,0,-24.9573,-53.459
4104907,Castro,PR,0,-24.7891,-50.0108
4105003,Catanduvas,PR,0,-25.2044,-53.1548
4105102,Centenário do Sul,PR,0,-22.8188,-51.5973
4105201,Cerro Azul,PR,0,-26.0891,-52.8691
4105300,Céu Azul,PR,0,-25.1489,-53.8415
4105409,Chopinzinho,PR,0,-25.8515,-52.5173
4105508,Cianorte,PR,0,-23.6599,-52.6054
4105607,Cidade Gaúcha,PR,0,-23.3772,-52.9436
4105706,Clevelândia,PR,0,-26.4043,-52.3508
4105805,Colombo,PR,0,-25.2925,-49.2262
4105904,Colorado,PR,0,-22.8374,-51.9743
4106001,Congonhinhas,PR,0,-23.5493,-50.5569
4106100,Conselheiro Mairinck,PR,0,-23.623,-50.1707
4106209,Contenda,PR,0,-25.6788,-49.535
4106308,Corbélia,PR,0,-24.7971,-53.3006
4106407,Cornélio Procópio,PR,0,-23.1829,-50.6498
4106456,Coronel Domingos Soares,PR,0,-26.2277,-52.0356
4106506,Coronel Vivida,PR,0,-25.9767,-52.5641
4106555,Corumbataí do Sul,PR,0,-24.101,-52.1177
4106571,Cruzeiro do Iguaçu,PR,0,-25.6192,-53.1285
4106605,Cruzeiro do Oeste,PR,0,-23.7799,-53.0774
4106704,Cruzeiro do Sul,PR,0,-22.9624,-52.1622
4106803,Cruz Machado,PR,0,-26.0166,-51.343
4106852,Cruzmaltina,PR,0,-24.0132,-51.4563
4106902,Curitiba,PR,1,-25.4195,-49.2646
4107009,Curiúva,PR,0,-24.0362,-50.4576
4107108,Diamante do Norte,PR,0,-22.655,-52.8617
4107124,Diamante do Sul,PR,0,-25.035,-52.6768
4107157,Diamante D'Oeste,PR,0,-24.9419,-54.1052
4107207,Dois Vizinhos,PR,0,-25.7407,-53.057
4107256,Douradina,PR,0,-23.3807,-53.2918
4107306,Doutor Camargo,PR,0,-23.5582,-52.2178
4107405,Enéas Marques,PR,0,-25.9445,-53.1659
4107504,Engenheiro Beltrão,PR,0,-23.797,-52.2659
4107520,Esperança Nova,PR,0,-23.7238,-53.811
4107538,Entre Rios do Oeste,PR,0,-24.7042,-54.2385
4107546,Espigão Alto do Iguaçu,PR,0,-25.4216,-52.8348
4107553,Farol,PR,0,-24.0958,-52.6217
4107603,Faxinal,PR,0,-24.0077,-51.3227
4107652,Fazenda Rio Grande,PR,0,-25.6624,-49.3073
4107702,Fênix,PR,0,-23.9135,-51.9805
4107736,Fernandes Pinheiro,PR,0,-25.4107,-50.5456
4107751,Figueira,PR,0,-23.8455,-50.4031
4107801,Floraí,PR,0,-23.3178,-52.3029
4107850,Flor da Serra do Sul,PR,0,-26.2523,-53.3092
4107900,Floresta,PR,0,-23.6031,-52.0807
4108007,Florestópolis,PR,0,-22.8623,-51.3882
4108106,Flórida,PR,0,-23.0847,-51.9546
4108205,Formosa do Oeste,PR,0,-24.2951,-53.3114
4108304,Foz do Iguaçu,PR,0,-25.5427,-54.5827
4108320,Francisco Alves,PR,0,-24.0667,-53.8461
4108403,Francisco Beltrão,PR,0,-26.0817,-53.0535
4108452,Foz do Jordão,PR,0,-25.7371,-52.1188
4108502,General Carneiro,PR,0,-26.425,-51.3172
4108551,Godoy Moreira,PR,0,-24.173,-51.9246
4108601,Goioerê,PR,0,-24.1835,-53.0248
4108650,Goioxim,PR,0,-25.1927,-51.9911
4108700,Grandes Rios,PR,0,-24.1466,-51.5094
4108809,Guaíra,PR,0,-24.085,-54.2573
4108908,Guairaçá,PR,0,-22.932,-52.6906
4108957,Guamiranga,PR,0,-25.1912,-50.8021
4109005,Guapirama,PR,0,-23.5203,-50.0407
4109104,Guaporema,PR,0,-23.3402,-52.7786
4109203,Guaraci,PR,0,-22.9694,-51.6504
4109302,Guaraniaçu,PR,0,-25.0968,-52.8755
4109401,Guarapuava,PR,0,-25.3902,-51.4623
4109500,Guaraqueçaba,PR,0,-25.3071,-48.3204
4109609,Guaratuba,PR,0,-25.8817,-48.5752
4109658,Honório Serpa,PR,0,-26.139,-52.3848
4109708,Ibaiti,PR,0,-23.8478,-50.1932
4109757,Ibema,PR,0,-25.1193,-53.0072
4109807,Ibiporã,PR,0,-23.2659,-51.0522
4109906,Icaraíma,PR,0,-23.3944,-53.615
4110003,Iguaraçu,PR,0,-23.1949,-51.8256
4110052,Iguatu,PR,0,-24.7153,-53.0827
4110078,Imbaú,PR,0,-24.448,-50.7533
4110102,Imbituva,PR,0,-25.2285,-50.5989
4110201,Inácio Martins,PR,0,-25.5704,-51.0769
4110300,Inajá,PR,0,-22.7509,-52.1995
4110409,Indianópolis,PR,0,-23.4762,-52.6989
4110508,Ipiranga,PR,0,-25.0238,-50.5794
4110607,Iporã,PR,0,-24.0083,-53.706
4110656,Iracema do Oeste,PR,0,-24.4262,-53.3528
4110706,Irati,PR,0,-25.4697,-50.6493
4110805,Iretama,PR,0,-24.4253,-52.1012
4110904,Itaguajé,PR,0,-22.6183,-51.9674
4110953,Itaipulândia,PR,0,-25.1366,-54.3001
4111001,Itambaracá,PR,0,-23.0181,-50.4097
4111100,Itambé,PR,0,-23.6601,-51.9912
4111209,Itapejara d'Oeste,PR,0,-25.9619,-52.8152
4111258,Itaperuçu,PR,0,-25.2193,-49.3454
4111308,Itaúna do Sul,PR,0,-22.7289,-52.8874
4111407,Ivaí,PR,0,-25.0067,-50.857
4111506,Ivaiporã,PR,0,-24.2485,-51.6754
4111555,Ivaté,PR,0,-23.4072,-53.3687
4111605,Ivatuba,PR,0,-23.6187,-52.2203
4111704,Jaboti,PR,0,-23.7435,-50.0729
4111803,Jacarezinho,PR,0,-23.1591,-49.9739
4111902,Jaguapitã,PR,0,-23.1104,-51.5342
4112009,Jaguariaíva,PR,0,-24.2439,-49.7066
4112108,Jandaia do Sul,PR,0,-23.6011,-51.6448
4112207,Janiópolis,PR,0,-24.1401,-52.7784
4112306,Japira,PR,0,-23.8142,-50.1422
4112405,Japurá,PR,0,-23.4693,-52.5557
4112504,Jardim Alegre,PR,0,-24.1809,-51.6902
4112603,Jardim Olinda,PR,0,-22.5523,-52.0503
4112702,Jataizinho,PR,0,-23.2578,-50.9777
4112751,Jesuítas,PR,0,-24.3839,-53.3849
4112801,Joaquim Távora,PR,0,-23.4987,-49.909
4112900,Jundiaí do Sul,PR,0,-23.4357,-50.2496
4112959,Juranda,PR,0,-24.4209,-52.8413
4113007,Jussara,PR,0,-23.6219,-52.4693
4113106,Kaloré,PR,0,-23.8188,-51.6687
4113205,Lapa,PR,0,-25.7671,-49.7168
4113254,Laranjal,PR,0,-24.8862,-52.47
4113304,Laranjeiras do Sul,PR,0,-25.4077,-52.4109
4113403,Leópolis,PR,0,-23.0818,-50.7511
4113429,Lidianópolis,PR,0,-24.11,-51.6506
4113452,Lindoeste,PR,0,-25.2596,-53.5733
4113502,Loanda,PR,0,-22.9232,-53.1362
4113601,Lobato,PR,0,-23.0058,-51.9524
4113700,Londrina,PR,0,-23.304,-51.1691
4113734,Luiziana,PR,0,-24.2853,-52.269
4113759,Lunardelli,PR,0,-24.0821,-51.7368
4113809,Lupionópolis,PR,0,-22.755,-51.6601
4113908,Mallet,PR,0,-25.8806,-50.8173
4114005,Mamborê,PR,0,-24.317,-52.5271
4114104,Mandaguaçu,PR,0,-23.3458,-52.0944
4114203,Mandaguari,PR,0,-23.5446,-51.671
4114302,Mandirituba,PR,0,-25.777,-49.3282
4114351,Manfrinópolis,PR,0,-26.1441,-53.3113
4114401,Mangueirinha,PR,0,-25.9421,-52.1743
4114500,Manoel Ribas,PR,0,-24.5144,-51.6658
4114609,Marechal Cândido Rondon,PR,0,-24.557,-54.0571
4114708,Maria Helena,PR,0,-23.6158,-53.2053
4114807,Marialva,PR,0,-23.4843,-51.7928
4114906,Marilândia do Sul,PR,0,-23.7425,-51.3137
4115002,Marilena,PR,0,-22.7336,-53.0402
4115101,Mariluz,PR,0,-24.0089,-53.1432
4115200,Maringá,PR,0,-23.4205,-51.9333
4115309,Mariópolis,PR,0,-26.355,-52.5532
4115358,Maripá,PR,0,-24.42,-53.8286
4115408,Marmeleiro,PR,0,-26.1472,-53.0267
4115457,Marquinho,PR,0,-25.112,-52.2497
4115507,Marumbi,PR,0,-23.7058,-51.6404
4115606,Matelândia,PR,0,-25.2496,-53.9935
4115705,Matinhos,PR,0,-25.8237,-48.549
4115739,Mato Rico,PR,0,-24.6995,-52.1454
4115754,Mauá da Serra,PR,0,-23.8988,-51.2277
4115804,Medianeira,PR,0,-25.2977,-54.0943
4115853,Mercedes,PR,0,-24.4538,-54.1618
4115903,Mirador,PR,0,-23.255,-52.7761
4116000,Miraselva,PR,0,-22.9657,-51.4846
4116059,Missal,PR,0,-25.0919,-54.2477
4116109,Moreira Sales,PR,0,-24.0509,-53.0102
4116208,Morretes,PR,0,-25.4744,-48.8345
4116307,Munhoz de Melo,PR,0,-23.1487,-51.7737
4116406,Nossa Senhora das Graças,PR,0,-22.9129,-51.7978
4116505,Nova Aliança do Ivaí,PR,0,-23.1763,-52.6032
4116604,Nova América da Colina,PR,0,-23.3308,-50.7168
4116703,Nova Aurora,PR,0,-24.5289,-53.2575
4116802,Nova Cantu,PR,0,-24.6723,-52.5661
4116901,Nova Esperança,PR,0,-23.182,-52.2031
4116950,Nova Esperança do Sudoeste,PR,0,-25.9004,-53.2618
4117008,Nova Fátima,PR,0,-23.4324,-50.5665
4117057,Nova Laranjeiras,PR,0,-25.3054,-52.5447
4117107,Nova Londrina,PR,0,-22.7639,-52.9868
4117206,Nova Olímpia,PR,0,-23.4703,-53.0898
4117214,Nova Santa Bárbara,PR,0,-23.5865,-50.7598
4117222,Nova Santa Rosa,PR,0,-24.4693,-53.9552
4117255,Nova Prata do Iguaçu,PR,0,-25.6309,-53.3469
4117271,Nova Tebas,PR,0,-24.438,-51.9454
4117297,Novo Itacolomi,PR,0,-23.7631,-51.5079
4117305,Ortigueira,PR,0,-24.2058,-50.9185
4117404,Ourizona,PR,0,-23.4053,-52.1964
4117453,Ouro Verde do Oeste,PR,0,-24.7933,-53.9043
4117503,Paiçandu,PR,0,-23.4555,-52.046
4117602,Palmas,PR,0,-26.4839,-51.9888
4117701,Palmeira,PR,0,-25.4257,-50.007
4117800,Palmital,PR,0,-24.8853,-52.2029
4117909,Palotina,PR,0,-24.2868,-53.8404
4118006,Paraíso do Norte,PR,0,-23.2824,-52.6054
4118105,Paranacity,PR,0,-22.9297,-52.1549
4118204,Paranaguá,PR,0,-25.5161,-48.5225
4118303,Paranapoema,PR,0,-22.6412,-52.0905
4118402,Paranavaí,PR,0,-23.0816,-52.4617
4118451,Pato Bragado,PR,0,-24.6271,-54.2265
4118501,Pato Branco,PR,0,-26.2292,-52.6706
4118600,Paula Freitas,PR,0,-26.2105,-50.931
4118709,Paulo Frontin,PR,0,-26.0466,-50.8304
4118808,Peabiru,PR,0,-23.914,-52.3431
4118857,Perobal,PR,0,-23.8949,-53.4098
4118907,Pérola,PR,0,-23.8039,-53.6834
4119004,Pérola d'Oeste,PR,0,-25.8278,-53.7433
4119103,Piên,PR,0,-26.0965,-49.4336
4119152,Pinhais,PR,0,-25.4429,-49.1927
4119202,Pinhalão,PR,0,-23.7982,-50.0536
4119251,Pinhal de São Bento,PR,0,-26.0324,-53.482
4119301,Pinhão,PR,0,-25.6944,-51.6536
4119400,Piraí do Sul,PR,0,-24.5306,-49.9433
4119509,Piraquara,PR,0,-25.4422,-49.0624
4119608,Pitanga,PR,0,-24.7588,-51.7596
4119657,Pitangueiras,PR,0,-23.2281,-51.5873
4119707,Planaltina do Paraná,PR,0,-23.0101,-52.9162
4119806,Planalto,PR,0,-25.7211,-53.7642
4119905,Ponta Grossa,PR,0,-25.0916,-50.1668
4119954,Pontal do Paraná,PR,0,-25.6735,-48.5111
4120002,Porecatu,PR,0,-22.7537,-51.3795
4120101,Porto Amazonas,PR,0,-25.54,-49.8946
4120150,Porto Barreiro,PR,0,-25.5477,-52.4067
4120200,Porto Rico,PR,0,-22.7747,-53.2677
4120309,Porto Vitória,PR,0,-26.1674,-51.231
4120333,Prado Ferreira,PR,0,-23.0357,-51.4429
4120358,Pranchita,PR,0,-26.0209,-53.7397
4120408,Presidente Castelo Branco,PR,0,-23.2782,-52.1536
4120507,Primeiro de Maio,PR,0,-22.8517,-51.0293
4120606,Prudentópolis,PR,0,-25.2111,-50.9754
4120655,Quarto Centenário,PR,0,-24.2775,-53.0759
4120705,Quatiguá,PR,0,-23.5671,-49.916
4120804,Quatro Barras,PR,0,-25.3673,-49.0763
4120853,Quatro Pontes,PR,0,-24.5752,-53.9759
4120903,Quedas do Iguaçu,PR,0,-25.4492,-52.9102
4121000,Querência do Norte,PR,0,-23.0838,-53.483
4121109,Quinta do Sol,PR,0,-23.8533,-52.1309
4121208,Quitandinha,PR,0,-25.8734,-49.4973
4121257,Ramilândia,PR,0,-25.1195,-54.023
4121307,Rancho Alegre,PR,0,-23.0676,-50.9145
4121356,Rancho Alegre D'Oeste,PR,0,-24.3065,-52.9552
4121406,Realeza,PR,0,-25.7711,-53.526
4121505,Rebouças,PR,0,-25.6232,-50.6877
4121604,Renascença,PR,0,-26.1588,-52.9703
4121703,Reserva,PR,0,-24.6492,-50.8466
4121752,Reserva do Iguaçu,PR,0,-25.8319,-52.0272
4121802,Ribeirão Claro,PR,0,-23.1941,-49.7597
4121901,Ribeirão do Pinhal,PR,0,-23.4091,-50.3601
4122008,Rio Azul,PR,0,-25.7306,-50.7985
4122107,Rio Bom,PR,0,-23.7606,-51.4122
4122156,Rio Bonito do Iguaçu,PR,0,-25.4874,-52.5292
4122172,Rio Branco do Ivaí,PR,0,-24.3244,-51.3187
4122206,Rio Branco do Sul,PR,0,-25.1892,-49.3115
4122305,Rio Negro,PR,0,-26.095,-49.7982
4122404,Rolândia,PR,0,-23.3101,-51.3659
4122503,Roncador,PR,0,-24.5958,-52.2716
4122602,Rondon,PR,0,-23.412,-52.7659
4122651,Rosário do Ivaí,PR,0,-24.2682,-51.272
4122701,Sabáudia,PR,0,-23.3155,-51.555
4122800,Salgado Filho,PR,0,-26.1777,-53.3631
4122909,Salto do Itararé,PR,0,-23.6074,-49.6354
4123006,Salto do Lontra,PR,0,-25.7813,-53.3135
4123105,Santa Amélia,PR,0,-23.2654,-50.4288
4123204,Santa Cecília do Pavão,PR,0,-23.5201,-50.7835
4123303,Santa Cruz de Monte Castelo,PR,0,-22.9582,-53.2949
4123402,Santa Fé,PR,0,-23.04,-51.808
4123501,Santa Helena,PR,0,-24.8585,-54.336
4123600,Santa Inês,PR,0,-22.6376,-51.9024
4123709,Santa Isabel do Ivaí,PR,0,-23.0025,-53.1989
4123808,Santa Izabel do Oeste,PR,0,-25.8217,-53.4801
4123824,Santa Lúcia,PR,0,-25.4104,-53.5638
4123857,Santa Maria do Oeste,PR,0,-24.9377,-51.8696
4123907,Santa Mariana,PR,0,-23.1465,-50.5167
4123956,Santa Mônica,PR,0,-23.108,-53.1103
4124004,Santana do Itararé,PR,0,-23.7587,-49.6293
4124020,Santa Tereza do Oeste,PR,0,-25.0543,-53.6274
4124053,Santa Terezinha de Itaipu,PR,0,-25.4391,-54.402
4124103,Santo Antônio da Platina,PR,0,-23.2959,-50.0815
4124202,Santo Antônio do Caiuá,PR,0,-22.7351,-52.344
4124301,Santo Antônio do Paraíso,PR,0,-23.4969,-50.6455
4124400,Santo Antônio do Sudoeste,PR,0,-26.0737,-53.7251
4124509,Santo Inácio,PR,0,-22.6957,-51.7969
4124608,São Carlos do Ivaí,PR,0,-23.3158,-52.4761
4124707,São Jerônimo da Serra,PR,0,-23.7218,-50.7475
4124806,São João,PR,0,-25.8214,-52.7252
4124905,São João do Caiuá,PR,0,-22.8535,-52.3411
4125001,São João do Ivaí,PR,0,-23.9833,-51.8215
4125100,São João do Triunfo,PR,0,-25.683,-50.2949
4125209,São Jorge d'Oeste,PR,0,-25.7085,-52.9204
4125308,São Jorge do Ivaí,PR,0,-23.4336,-52.2929
4125357,São Jorge do Patrocínio,PR,0,-23.7647,-53.8823
4125407,São José da Boa Vista,PR,0,-23.9122,-49.6577
4125456,São José das Palmeiras,PR,0,-24.8369,-54.0572
4125506,São José dos Pinhais,PR,0,-25.5313,-49.2031
4125555,São Manoel do Paraná,PR,0,-23.3941,-52.6454
4125605,São Mateus do Sul,PR,0,-25.8677,-50.384
4125704,São Miguel do Iguaçu,PR,0,-25.3492,-54.2405
4125753,São Pedro do Iguaçu,PR,0,-24.9373,-53.8521
4125803,São Pedro do Ivaí,PR,0,-23.8634,-51.8568
4125902,São Pedro do Paraná,PR,0,-22.8239,-53.2241
4126009,São Sebastião da Amoreira,PR,0,-23.4656,-50.7625
4126108,São Tomé,PR,0,-23.5349,-52.5901
4126207,Sapopema,PR,0,-23.9078,-50.5801
4126256,Sarandi,PR,0,-23.4441,-51.876
4126272,Saudade do Iguaçu,PR,0,-25.6917,-52.6184
4126306,Sengés,PR,0,-24.1129,-49.4616
4126355,Serranópolis do Iguaçu,PR,0,-25.3799,-54.0518
4126405,Sertaneja,PR,0,-23.0361,-50.8317
4126504,Sertanópolis,PR,0,-23.0571,-51.0399
4126603,Siqueira Campos,PR,0,-23.6875,-49.8304
4126652,Sulina,PR,0,-25.7066,-52.7299
4126678,Tamarana,PR,0,-23.7204,-51.0991
4126702,Tamboara,PR,0,-23.2036,-52.4743
4126801,Tapejara,PR,0,-23.7315,-52.8735
4126900,Tapira,PR,0,-23.3193,-53.0684
4127007,Teixeira Soares,PR,0,-25.3701,-50.4571
4127106,Telêmaco Borba,PR,0,-24.3245,-50.6176
4127205,Terra Boa,PR,0,-23.7683,-52.447
4127304,Terra Rica,PR,0,-22.7111,-52.6188
4127403,Terra Roxa,PR,0,-24.1575,-54.0988
4127502,Tibagi,PR,0,-24.5153,-50.4176
4127601,Tijucas do Sul,PR,0,-25.9311,-49.195
4127700,Toledo,PR,0,-24.7246,-53.7412
4127809,Tomazina,PR,0,-23.7796,-49.9499
4127858,Três Barras do Paraná,PR,0,-25.4185,-53.1833
4127882,Tunas do Paraná,PR,0,-24.9731,-49.0879
4127908,Tuneiras do Oeste,PR,0,-23.8648,-52.8769
4127957,Tupãssi,PR,0,-24.5879,-53.5105
4127965,Turvo,PR,0,-25.0437,-51.5282
4128005,Ubiratã,PR,0,-24.5393,-52.9865
4128104,Umuarama,PR,0,-23.7656,-53.3201
4128203,União da Vitória,PR,0,-26.2273,-51.0873
4128302,Uniflor,PR,0,-23.0868,-52.1573
4128401,Uraí,PR,0,-23.2,-50.7939
4128500,Wenceslau Braz,PR,0,-23.8742,-49.8032
4128534,Ventania,PR,0,-24.2458,-50.2376
4128559,Vera Cruz do Oeste,PR,0,-25.0577,-53.8771
4128609,Verê,PR,0,-25.8772,-52.9051
4128625,Alto Paraíso,PR,0,-26.1146,-52.7469
4128633,Doutor Ulysses,PR,0,-24.5665,-49.4219
4128658,Virmond,PR,0,-25.3829,-52.1987
4128708,Vitorino,PR,0,-26.2683,-52.7843
4128807,Xambrê,PR,0,-23.7364,-53.4884
4200051,Abdon Batista,SC,0,-27.6126,-51.0233
4200101,Abelardo Luz,SC,0,-26.5716,-52.3229
4200200,Agrolândia,SC,0,-27.4087,-49.822
4200309,Agronômica,SC,0,-27.2662,-49.708
4200408,Água Doce,SC,0,-26.9985,-51.5528
4200507,Águas de Chapecó,SC,0,-27.0754,-52.9808
4200556,Águas Frias,SC,0,-26.8794,-52.8568
4200606,Águas Mornas,SC,0,-27.6963,-48.8243
4200705,Alfredo Wagner,SC,0,-27.7001,-49.3273
4200754,Alto Bela Vista,SC,0,-27.4333,-51.9044
4200804,Anchieta,SC,0,-26.5382,-53.3319
4200903,Angelina,SC,0,-27.5704,-48.9879
4201000,Anita Garibaldi,SC,0,-27.6897,-51.1271
4201109,Anitápolis,SC,0,-27.9012,-49.1316
4201208,Antônio Carlos,SC,0,-27.5191,-48.766
4201257,Apiúna,SC,0,-27.0375,-49.3885
4201273,Arabutã,SC,0,-27.1587,-52.1423
4201307,Araquari,SC,0,-26.3754,-48.7188
4201406,Araranguá,SC,0,-28.9356,-49.4918
4201505,Armazém,SC,0,-28.2448,-49.0215
4201604,Arroio Trinta,SC,0,-26.9257,-51.3407
4201653,Arvoredo,SC,0,-27.0748,-52.4543
4201703,Ascurra,SC,0,-26.9548,-49.3783
4201802,Atalanta,SC,0,-27.4219,-49.7789
4201901,Aurora,SC,0,-27.3098,-49.6295
4201950,Balneário Arroio do Silva,SC,0,-28.9806,-49.4237
4202008,Balneário Camboriú,SC,0,-26.9926,-48.6352
4202057,Balneário Barra do Sul,SC,0,-26.4597,-48.6123
4202073,Balneário Gaivota,SC,0,-29.1527,-49.5841
4202081,Bandeirante,SC,0,-26.7705,-53.6413
4202099,Barra Bonita,SC,0,-26.654,-53.44
4202107,Barra Velha,SC,0,-26.637,-48.6933
4202131,Bela Vista do Toldo,SC,0,-26.2746,-50.4664
4202156,Belmonte,SC,0,-26.843,-53.5758
4202206,Benedito Novo,SC,0,-26.781,-49.3593
4202305,Biguaçu,SC,0,-27.496,-48.6598
4202404,Blumenau,SC,0,-26.9155,-49.0709
4202438,Bocaina do Sul,SC,0,-27.7455,-49.9423
4202453,Bombinhas,SC,0,-27.1382,-48.5146
4202503,Bom Jardim da Serra,SC,0,-28.3377,-49.6373
4202537,Bom Jesus,SC,0,-26.7326,-52.3919
4202578,Bom Jesus do Oeste,SC,0,-26.6927,-53.0967
4202602,Bom Retiro,SC,0,-27.799,-49.487
4202701,Botuverá,SC,0,-27.2007,-49.0689
4202800,Braço do Norte,SC,0,-28.2681,-49.1701
4202859,Braço do Trombudo,SC,0,-27.3586,-49.8821
4202875,Brunópolis,SC,0,-27.3058,-50.8684
4202909,Brusque,SC,0,-27.0977,-48.9107
4203006,Caçador,SC,0,-26.7757,-51.012
4203105,Caibi,SC,0,-27.0741,-53.2458
4203154,Calmon,SC,0,-26.5942,-51.095
4203204,Camboriú,SC,0,-27.0241,-48.6503
4203253,Capão Alto,SC,0,-27.9389,-50.5098
4203303,Campo Alegre,SC,0,-26.195,-49.2676
4203402,Campo Belo do Sul,SC,0,-27.8975,-50.7595
4203501,Campo Erê,SC,0,-26.3931,-53.0856
4203600,Campos Novos,SC,0,-27.4002,-51.2276
4203709,Canelinha,SC,0,-27.2616,-48.7658
4203808,Canoinhas,SC,0,-26.1766,-50.395
4203907,Capinzal,SC,0,-27.3473,-51.6057
4203956,Capivari de Baixo,SC,0,-28.4498,-48.9631
4204004,Catanduvas,SC,0,-27.069,-51.6602
4204103,Caxambu do Sul,SC,0,-27.1624,-52.8807
4204152,Celso Ramos,SC,0,-27.6327,-51.335
4204178,Cerro Negro,SC,0,-27.7942,-50.8673
4204194,Chapadão do Lageado,SC,0,-27.5905,-49.5539
4204202,Chapecó,SC,0,-27.1004,-52.6152
4204251,Cocal do Sul,SC,0,-28.5986,-49.3335
4204301,Concórdia,SC,0,-27.2335,-52.026
4204350,Cordilheira Alta,SC,0,-26.9844,-52.6056
4204400,Coronel Freitas,SC,0,-26.9057,-52.7011
4204459,Coronel Martins,SC,0,-26.511,-52.6694
4204509,Corupá,SC,0,-26.4246,-49.246
4204558,Correia Pinto,SC,0,-27.5877,-50.3614
4204608,Criciúma,SC,0,-28.6723,-49.3729
4204707,Cunha Porã,SC,0,-26.895,-53.1662
4204756,Cunhataí,SC,0,-26.9709,-53.0895
4204806,Curitibanos,SC,0,-27.2824,-50.5816
4204905,Descanso,SC,0,-26.827,-53.5034
4205001,Dionísio Cerqueira,SC,0,-26.2648,-53.6351
4205100,Dona Emma,SC,0,-26.981,-49.7261
4205159,Doutor Pedrinho,SC,0,-26.7174,-49.4795
4205175,Entre Rios,SC,0,-26.7225,-52.5585
4205191,Ermo,SC,0,-28.9869,-49.643
4205209,Erval Velho,SC,0,-27.2743,-51.443
4205308,Faxinal dos Guedes,SC,0,-26.8451,-52.2596
4205357,Flor do Sertão,SC,0,-26.7811,-53.3505
4205407,Florianópolis,SC,1,-27.5945,-48.5477
4205431,Formosa do Sul,SC,0,-26.6453,-52.7946
4205456,Forquilhinha,SC,0,-28.7454,-49.4785
4205506,Fraiburgo,SC,0,-27.0233,-50.92
4205555,Frei Rogério,SC,0,-27.175,-50.8076
4205605,Galvão,SC,0,-26.4549,-52.6875
4205704,Garopaba,SC,0,-28.0275,-48.6192
4205803,Garuva,SC,0,-26.0292,-48.852
4205902,Gaspar,SC,0,-26.9336,-48.9534
4206009,Governador Celso Ramos,SC,0,-27.3172,-48.5576
4206108,Grão Pará,SC,0,-28.1809,-49.2252
4206207,Gravatal,SC,0,-28.3208,-49.0427
4206306,Guabiruba,SC,0,-27.0808,-48.9804
4206405,Guaraciaba,SC,0,-26.6042,-53.5243
4206504,Guaramirim,SC,0,-26.4688,-49.0026
4206603,Guarujá do Sul,SC,0,-26.3858,-53.5296
4206652,Guatambú,SC,0,-27.1341,-52.7887
4206702,Herval d'Oeste,SC,0,-27.1903,-51.4917
4206751,Ibiam,SC,0,-27.1847,-51.2352
4206801,Ibicaré,SC,0,-27.0881,-51.3681
4206900,Ibirama,SC,0,-27.0547,-49.5193
4207007,Içara,SC,0,-28.7132,-49.3087
4207106,Ilhota,SC,0,-26.9023,-48.8251
4207205,Imaruí,SC,0,-28.3339,-48.817
4207304,Imbituba,SC,0,-28.2284,-48.6659
4207403,Imbuia,SC,0,-27.4908,-49.4218
4207502,Indaial,SC,0,-26.8992,-49.2354
4207577,Iomerê,SC,0,-27.0019,-51.2442
4207601,Ipira,SC,0,-27.4038,-51.7758
4207650,Iporã do Oeste,SC,0,-26.9854,-53.5355
4207684,Ipuaçu,SC,0,-26.635,-52.4556
4207700,Ipumirim,SC,0,-27.0772,-52.1289
4207759,Iraceminha,SC,0,-26.8215,-53.2767
4207809,Irani,SC,0,-27.0287,-51.9012
4207858,Irati,SC,0,-26.6539,-52.8955
4207908,Irineópolis,SC,0,-26.242,-50.7957
4208005,Itá,SC,0,-27.2907,-52.3212
4208104,Itaiópolis,SC,0,-26.339,-49.9092
4208203,Itajaí,SC,0,-26.9101,-48.6705
4208302,Itapema,SC,0,-27.0861,-48.616
4208401,Itapiranga,SC,0,-27.1659,-53.7166
4208450,Itapoá,SC,0,-26.1158,-48.6182
4208500,Ituporanga,SC,0,-27.4101,-49.5963
4208609,Jaborá,SC,0,-27.1782,-51.7279
4208708,Jacinto Machado,SC,0,-28.9961,-49.7623
4208807,Jaguaruna,SC,0,-28.6146,-49.0296
4208906,Jaraguá do Sul,SC,0,-26.4851,-49.0713
4208955,Jardinópolis,SC,0,-26.7191,-52.8625
4209003,Joaçaba,SC,0,-27.1721,-51.5108
4209102,Joinville,SC,0,-26.3045,-48.8487
4209151,José Boiteux,SC,0,-26.9566,-49.6286
4209177,Jupiá,SC,0,-26.395,-52.7298
4209201,Lacerdópolis,SC,0,-27.2579,-51.5577
4209300,Lages,SC,0,-27.815,-50.3259
4209409,Laguna,SC,0,-28.4843,-48.7772
4209458,Lajeado Grande,SC,0,-26.8576,-52.5648
4209508,Laurentino,SC,0,-27.2173,-49.7331
4209607,Lauro Muller,SC,0,-28.3859,-49.4035
4209706,Lebon Régis,SC,0,-26.928,-50.6921
4209805,Leoberto Leal,SC,0,-27.5081,-49.2789
4209854,Lindóia do Sul,SC,0,-27.0545,-52.069
4209904,Lontras,SC,0,-27.1684,-49.535
4210001,Luiz Alves,SC,0,-26.7151,-48.9322
4210035,Luzerna,SC,0,-27.1304,-51.4682
4210050,Macieira,SC,0,-26.8552,-51.3705
4210100,Mafra,SC,0,-26.1159,-49.8086
4210209,Major Gercino,SC,0,-27.4192,-48.9488
4210308,Major Vieira,SC,0,-26.3709,-50.3266
4210407,Maracajá,SC,0,-28.8463,-49.4605
4210506,Maravilha,SC,0,-26.7665,-53.1737
4210555,Marema,SC,0,-26.8024,-52.6264
4210605,Massaranduba,SC,0,-26.6109,-49.0054
4210704,Matos Costa,SC,0,-26.4709,-51.1501
4210803,Meleiro,SC,0,-28.8244,-49.6378
4210852,Mirim Doce,SC,0,-27.197,-50.0786
4210902,Modelo,SC,0,-26.7729,-53.04
4211009,Mondaí,SC,0,-27.1008,-53.4032
4211058,Monte Carlo,SC,0,-27.2239,-50.9808
4211108,Monte Castelo,SC,0,-26.461,-50.2327
4211207,Morro da Fumaça,SC,0,-28.6511,-49.2169
4211256,Morro Grande,SC,0,-28.8006,-49.7214
4211306,Navegantes,SC,0,-26.8943,-48.6546
4211405,Nova Erechim,SC,0,-26.8982,-52.9066
4211454,Nova Itaberaba,SC,0,-26.9428,-52.8141
4211504,Nova Trento,SC,0,-27.278,-48.9298
4211603,Nova Veneza,SC,0,-28.6338,-49.5055
4211652,Novo Horizonte,SC,0,-26.4442,-52.8281
4211702,Orleans,SC,0,-28.3487,-49.2986
4211751,Otacílio Costa,SC,0,-27.4789,-50.1231
4211801,Ouro,SC,0,-27.3379,-51.6194
4211850,Ouro Verde,SC,0,-26.692,-52.3108
4211876,Paial,SC,0,-27.2541,-52.4975
4211892,Painel,SC,0,-27.9234,-50.0972
4211900,Palhoça,SC,0,-27.6455,-48.6697
4212007,Palma Sola,SC,0,-26.3471,-53.2771
4212056,Palmeira,SC,0,-27.583,-50.1577
4212106,Palmitos,SC,0,-27.0702,-53.1586
4212205,Papanduva,SC,0,-26.3777,-50.1419
4212239,Paraíso,SC,0,-26.62,-53.6716
4212254,Passo de Torres,SC,0,-29.3099,-49.722
4212270,Passos Maia,SC,0,-26.7829,-52.0568
4212304,Paulo Lopes,SC,0,-27.9607,-48.6864
4212403,Pedras Grandes,SC,0,-28.4339,-49.1949
4212502,Penha,SC,0,-26.7754,-48.6465
4212601,Peritiba,SC,0,-27.3754,-51.9018
4212650,Pescaria Brava,SC,0,-28.3966,-48.8864
4212700,Petrolândia,SC,0,-27.5346,-49.6937
4212809,Balneário Piçarras,SC,0,-26.7639,-48.6717
4212908,Pinhalzinho,SC,0,-26.8495,-52.9913
4213005,Pinheiro Preto,SC,0,-27.0483,-51.2243
4213104,Piratuba,SC,0,-27.4242,-51.7668
4213153,Planalto Alegre,SC,0,-27.0704,-52.867
4213203,Pomerode,SC,0,-26.7384,-49.1785
4213302,Ponte Alta,SC,0,-27.4835,-50.3764
4213351,Ponte Alta do Norte,SC,0,-27.1591,-50.4659
4213401,Ponte Serrada,SC,0,-26.8733,-52.0112
4213500,Porto Belo,SC,0,-27.1586,-48.5469
4213609,Porto União,SC,0,-26.2451,-51.0759
4213708,Pouso Redondo,SC,0,-27.2567,-49.9301
4213807,Praia Grande,SC,0,-29.1918,-49.9525
4213906,Presidente Castello Branco,SC,0,-27.2218,-51.8089
4214003,Presidente Getúlio,SC,0,-27.0474,-49.6246
4214102,Presidente Nereu,SC,0,-27.2768,-49.3889
4214151,Princesa,SC,0,-26.4441,-53.5994
4214201,Quilombo,SC,0,-26.7264,-52.724
4214300,Rancho Queimado,SC,0,-27.6727,-49.0191
4214409,Rio das Antas,SC,0,-26.8946,-51.0674
4214508,Rio do Campo,SC,0,-26.9452,-50.136
4214607,Rio do Oeste,SC,0,-27.1952,-49.7989
4214706,Rio dos Cedros,SC,0,-26.7398,-49.2718
4214805,Rio do Sul,SC,0,-27.2156,-49.643
4214904,Rio Fortuna,SC,0,-28.1244,-49.1068
4215000,Rio Negrinho,SC,0,-26.2591,-49.5177
4215059,Rio Rufino,SC,0,-27.8592,-49.7754
4215075,Riqueza,SC,0,-27.0653,-53.3265
4215109,Rodeio,SC,0,-26.9243,-49.3649
4215208,Romelândia,SC,0,-26.6809,-53.3172
4215307,Salete,SC,0,-26.9798,-49.9988
4215356,Saltinho,SC,0,-26.6049,-53.0578
4215406,Salto Veloso,SC,0,-26.903,-51.4043
4215455,Sangão,SC,0,-28.6326,-49.1322
4215505,Santa Cecília,SC,0,-26.9592,-50.4252
4215554,Santa Helena,SC,0,-26.937,-53.6214
4215604,Santa Rosa de Lima,SC,0,-28.0331,-49.133
4215653,Santa Rosa do Sul,SC,0,-29.1313,-49.7109
4215679,Santa Terezinha,SC,0,-26.7813,-50.009
4215687,Santa Terezinha do Progresso,SC,0,-26.624,-53.1997
4215695,Santiago do Sul,SC,0,-26.6388,-52.6799
4215703,Santo Amaro da Imperatriz,SC,0,-27.6852,-48.7813
4215752,São Bernardino,SC,0,-26.4739,-52.9687
4215802,São Bento do Sul,SC,0,-26.2495,-49.3831
4215901,São Bonifácio,SC,0,-27.9009,-48.9326
4216008,São Carlos,SC,0,-27.0798,-53.0037
4216057,São Cristovão do Sul,SC,0,-27.2666,-50.4388
4216107,São Domingos,SC,0,-26.5548,-52.5313
4216206,São Francisco do Sul,SC,0,-26.2579,-48.6344
4216255,São João do Oeste,SC,0,-27.0984,-53.5977
4216305,São João Batista,SC,0,-27.2772,-48.8474
4216354,São João do Itaperiú,SC,0,-26.6213,-48.7683
4216404,São João do Sul,SC,0,-29.2154,-49.8094
4216503,São Joaquim,SC,0,-28.2887,-49.9457
4216602,São José,SC,0,-27.6136,-48.6366
4216701,São José do Cedro,SC,0,-26.4561,-53.4955
4216800,São José do Cerrito,SC,0,-27.6602,-50.5733
4216909,São Lourenço do Oeste,SC,0,-26.3557,-52.8498
4217006,São Ludgero,SC,0,-28.3144,-49.1806
4217105,São Martinho,SC,0,-28.1609,-48.9867
4217154,São Miguel da Boa Vista,SC,0,-26.687,-53.2511
4217204,São Miguel do Oeste,SC,0,-26.7242,-53.5163
4217253,São Pedro de Alcântara,SC,0,-27.5665,-48.8048
4217303,Saudades,SC,0,-26.9317,-53.0021
4217402,Schroeder,SC,0,-26.4116,-49.074
4217501,Seara,SC,0,-27.1564,-52.299
4217550,Serra Alta,SC,0,-26.7229,-53.0409
4217600,Siderópolis,SC,0,-28.5955,-49.4314
4217709,Sombrio,SC,0,-29.108,-49.6328
4217758,Sul Brasil,SC,0,-26.7351,-52.964
4217808,Taió,SC,0,-27.121,-49.9942
4217907,Tangará,SC,0,-27.0996,-51.2473
4217956,Tigrinhos,SC,0,-26.6876,-53.1545
4218004,Tijucas,SC,0,-27.2354,-48.6322
4218103,Timbé do Sul,SC,0,-28.8287,-49.842
4218202,Timbó,SC,0,-26.8246,-49.269
4218251,Timbó Grande,SC,0,-26.6127,-50.6607
4218301,Três Barras,SC,0,-26.1056,-50.3197
4218350,Treviso,SC,0,-28.5097,-49.4634
4218400,Treze de Maio,SC,0,-28.5537,-49.1565
4218509,Treze Tílias,SC,0,-27.0026,-51.4084
4218608,Trombudo Central,SC,0,-27.3033,-49.793
4218707,Tubarão,SC,0,-28.4713,-49.0144
4218756,Tunápolis,SC,0,-26.9681,-53.6417
4218806,Turvo,SC,0,-28.9272,-49.6831
4218855,União do Oeste,SC,0,-26.762,-52.8541
4218905,Urubici,SC,0,-28.0157,-49.5925
4218954,Urupema,SC,0,-27.9557,-49.8729
4219002,Urussanga,SC,0,-28.518,-49.3238
4219101,Vargeão,SC,0,-26.8621,-52.1549
4219150,Vargem,SC,0,-27.4867,-50.9724
4219176,Vargem Bonita,SC,0,-27.0055,-51.7402
4219200,Vidal Ramos,SC,0,-27.3886,-49.3593
4219309,Videira,SC,0,-27.0086,-51.1543
4219358,Vitor Meireles,SC,0,-26.8782,-49.8328
4219408,Witmarsum,SC,0,-26.9275,-49.7947
4219507,Xanxerê,SC,0,-26.8747,-52.4036
4219606,Xavantina,SC,0,-27.0667,-52.343
4219705,Xaxim,SC,0,-26.9596,-52.5374
4219853,Zortéa,SC,0,-27.4521,-51.552
4220000,Balneário Rincão,SC,0,-28.8314,-49.2352
4300034,Aceguá,RS,0,-31.8665,-54.1615
4300059,Água Santa,RS,0,-28.1672,-52.031
4300109,Agudo,RS,0,-29.6447,-53.2515
4300208,Ajuricaba,RS,0,-28.2342,-53.7757
4300307,Alecrim,RS,0,-27.6579,-54.7649
4300406,Alegrete,RS,0,-29.7902,-55.7949
4300455,Alegria,RS,0,-27.8345,-54.0557
4300471,Almirante Tamandaré do Sul,RS,0,-28.1149,-52.9142
4300505,Alpestre,RS,0,-27.2502,-53.0341
4300554,Alto Alegre,RS,0,-28.7769,-52.9893
4300570,Alto Feliz,RS,0,-29.3919,-51.3123
4300604,Alvorada,RS,0,-29.9914,-51.0809
4300638,Amaral Ferrador,RS,0,-30.8756,-52.2509
4300646,Ametista do Sul,RS,0,-27.3607,-53.183
4300661,André da Rocha,RS,0,-28.6283,-51.5797
4300703,Anta Gorda,RS,0,-28.9698,-52.0102
4300802,Antônio Prado,RS,0,-28.8565,-51.2883
4300851,Arambaré,RS,0,-30.9092,-51.5046
4300877,Araricá,RS,0,-29.6168,-50.9291
4300901,Aratiba,RS,0,-27.3978,-52.2975
4301008,Arroio do Meio,RS,0,-29.4014,-51.9557
4301057,Arroio do Sal,RS,0,-29.5439,-49.8895
4301073,Arroio do Padre,RS,0,-31.4389,-52.4246
4301107,Arroio dos Ratos,RS,0,-30.0875,-51.7275
4301206,Arroio do Tigre,RS,0,-29.3348,-53.0966
4301305,Arroio Grande,RS,0,-32.2327,-53.0862
4301404,Arvorezinha,RS,0,-28.8737,-52.1781
4301503,Augusto Pestana,RS,0,-28.5172,-53.9883
4301552,Áurea,RS,0,-27.6936,-52.0505
4301602,Bagé,RS,0,-31.3297,-54.0999
4301636,Balneário Pinhal,RS,0,-30.2419,-50.2337
4301651,Barão,RS,0,-29.3725,-51.4949
4301701,Barão de Cotegipe,RS,0,-27.6208,-52.3798
4301750,Barão do Triunfo,RS,0,-30.3891,-51.7384
4301800,Barracão,RS,0,-27.6739,-51.4585
4301859,Barra do Guarita,RS,0,-27.1927,-53.7109
4301875,Barra do Quaraí,RS,0,-30.2029,-57.5497
4301909,Barra do Ribeiro,RS,0,-30.2939,-51.3014
4301925,Barra do Rio Azul,RS,0,-27.4069,-52.4084
4301958,Barra Funda,RS,0,-27.9205,-53.0391
4302006,Barros Cassal,RS,0,-29.0947,-52.5836
4302055,Benjamin Constant do Sul,RS,0,-27.5086,-52.5995
4302105,Bento Gonçalves,RS,0,-29.1662,-51.5165
4302154,Boa Vista das Missões,RS,0,-27.6671,-53.3102
4302204,Boa Vista do Buricá,RS,0,-27.6693,-54.1082
4302220,Boa Vista do Cadeado,RS,0,-28.5791,-53.8108
4302238,Boa Vista do Incra,RS,0,-28.8185,-53.391
4302253,Boa Vista do Sul,RS,0,-29.3544,-51.6687
4302303,Bom Jesus,RS,0,-28.6697,-50.4295
4302352,Bom Princípio,RS,0,-29.4856,-51.3548
4302378,Bom Progresso,RS,0,-27.5399,-53.8716
4302402,Bom Retiro do Sul,RS,0,-29.6071,-51.9456
4302451,Boqueirão do Leão,RS,0,-29.3046,-52.4284
4302501,Bossoroca,RS,0,-28.7291,-54.9035
4302584,Bozano,RS,0,-28.3659,-53.772
4302600,Braga,RS,0,-27.6173,-53.7405
4302659,Brochier,RS,0,-29.5501,-51.5945
4302709,Butiá,RS,0,-30.1179,-51.9601
4302808,Caçapava do Sul,RS,0,-30.5144,-53.4827
4302907,Cacequi,RS,0,-29.8883,-54.822
4303004,Cachoeira do Sul,RS,0,-30.033,-52.8928
4303103,Cachoeirinha,RS,0,-29.9472,-51.1016
4303202,Cacique Doble,RS,0,-27.767,-51.6597
4303301,Caibaté,RS,0,-28.2905,-54.6454
4303400,Caiçara,RS,0,-27.2791,-53.4257
4303509,Camaquã,RS,0,-30.8489,-51.8043
4303558,Camargo,RS,0,-28.588,-52.2003
4303608,Cambará do Sul,RS,0,-29.0474,-50.1465
4303673,Campestre da Serra,RS,0,-28.7926,-51.0941
4303707,Campina das Missões,RS,0,-27.9888,-54.8416
4303806,Campinas do Sul,RS,0,-27.7174,-52.6248
4303905,Campo Bom,RS,0,-29.6747,-51.0606
4304002,Campo Novo,RS,0,-27.6792,-53.8052
4304101,Campos Borges,RS,0,-28.8871,-53.0008
4304200,Candelária,RS,0,-29.6684,-52.7895
4304309,Cândido Godói,RS,0,-27.9515,-54.7517
4304358,Candiota,RS,0,-31.5516,-53.6773
4304408,Canela,RS,0,-29.356,-50.8119
4304507,Canguçu,RS,0,-31.396,-52.6783
4304606,Canoas,RS,0,-29.9128,-51.1857
4304614,Canudos do Vale,RS,0,-29.3271,-52.2374
4304622,Capão Bonito do Sul,RS,0,-28.1254,-51.3961
4304630,Capão da Canoa,RS,0,-29.7642,-50.0282
4304655,Capão do Cipó,RS,0,-28.9312,-54.5558
4304663,Capão do Leão,RS,0,-31.7565,-52.4889
4304671,Capivari do Sul,RS,0,-30.1383,-50.5152
4304689,Capela de Santana,RS,0,-29.6961,-51.328
4304697,Capitão,RS,0,-29.2674,-51.9853
4304705,Carazinho,RS,0,-28.2958,-52.7933
4304713,Caraá,RS,0,-29.7869,-50.4316
4304804,Carlos Barbosa,RS,0,-29.2969,-51.5028
4304853,Carlos Gomes,RS,0,-27.7167,-51.9121
4304903,Casca,RS,0,-28.5605,-51.9815
4304952,Caseiros,RS,0,-28.2582,-51.6861
4305009,Catuípe,RS,0,-28.2554,-54.0132
4305108,Caxias do Sul,RS,0,-29.1629,-51.1792
4305116,Centenário,RS,0,-27.7615,-51.9984
4305124,Cerrito,RS,0,-31.8419,-52.8004
4305132,Cerro Branco,RS,0,-29.657,-52.9406
4305157,Cerro Grande,RS,0,-27.6106,-53.1672
4305173,Cerro Grande do Sul,RS,0,-30.5905,-51.7418
4305207,Cerro Largo,RS,0,-28.1463,-54.7428
4305306,Chapada,RS,0,-28.0559,-53.0665
4305355,Charqueadas,RS,0,-29.9625,-51.6289
4305371,Charrua,RS,0,-27.9493,-52.015
4305405,Chiapetta,RS,0,-27.923,-53.9419
4305439,Chuí,RS,0,-33.6866,-53.4594
4305447,Chuvisca,RS,0,-30.7504,-51.9737
4305454,Cidreira,RS,0,-30.1604,-50.2337
4305504,Ciríaco,RS,0,-28.3419,-51.8741
4305587,Colinas,RS,0,-29.3948,-51.8556
4305603,Colorado,RS,0,-28.5258,-52.9928
4305702,Condor,RS,0,-28.2075,-53.4905
4305801,Constantina,RS,0,-27.732,-52.9938
4305835,Coqueiro Baixo,RS,0,-29.1802,-52.0942
4305850,Coqueiros do Sul,RS,0,-28.1194,-52.7842
4305871,Coronel Barros,RS,0,-28.3921,-54.0686
4305900,Coronel Bicaco,RS,0,-27.7197,-53.7022
4305934,Coronel Pilar,RS,0,-29.2695,-51.6847
4305959,Cotiporã,RS,0,-28.9891,-51.6971
4305975,Coxilha,RS,0,-28.128,-52.3023
4306007,Crissiumal,RS,0,-27.4999,-54.0994
4306056,Cristal,RS,0,-31.0046,-52.0436
4306072,Cristal do Sul,RS,0,-27.452,-53.2422
4306106,Cruz Alta,RS,0,-28.645,-53.6048
4306130,Cruzaltense,RS,0,-27.6672,-52.6522
4306205,Cruzeiro do Sul,RS,0,-29.5148,-51.9928
4306304,David Canabarro,RS,0,-28.3849,-51.8482
4306320,Derrubadas,RS,0,-27.2642,-53.8645
4306353,Dezesseis de Novembro,RS,0,-28.219,-55.0617
4306379,Dilermando de Aguiar,RS,0,-29.7054,-54.2122
4306403,Dois Irmãos,RS,0,-29.5836,-51.0898
4306429,Dois Irmãos das Missões,RS,0,-27.6621,-53.5304
4306452,Dois Lajeados,RS,0,-28.983,-51.8396
4306502,Dom Feliciano,RS,0,-30.7004,-52.1026
4306551,Dom Pedro de Alcântara,RS,0,-29.3639,-49.853
4306601,Dom Pedrito,RS,0,-30.9756,-54.6694
4306700,Dona Francisca,RS,0,-29.6195,-53.3617
4306734,Doutor Maurício Cardoso,RS,0,-27.5103,-54.3577
4306759,Doutor Ricardo,RS,0,-29.084,-51.9972
4306767,Eldorado do Sul,RS,0,-30.0847,-51.6187
4306809,Encantado,RS,0,-29.2351,-51.8703
4306908,Encruzilhada do Sul,RS,0,-30.543,-52.5204
4306924,Engenho Velho,RS,0,-27.706,-52.9145
4306932,Entre-Ijuís,RS,0,-28.3686,-54.2686
4306957,Entre Rios do Sul,RS,0,-27.5298,-52.7347
4306973,Erebango,RS,0,-27.8544,-52.3005
4307005,Erechim,RS,0,-27.6364,-52.2697
4307054,Ernestina,RS,0,-28.4977,-52.5836
4307104,Herval,RS,0,-32.024,-53.3944
4307203,Erval Grande,RS,0,-27.3926,-52.574
4307302,Erval Seco,RS,0,-27.5443,-53.5005
4307401,Esmeralda,RS,0,-28.0518,-51.1933
4307450,Esperança do Sul,RS,0,-27.3603,-53.9891
4307500,Espumoso,RS,0,-28.7286,-52.8461
4307559,Estação,RS,0,-27.9135,-52.2635
4307609,Estância Velha,RS,0,-29.6535,-51.1843
4307708,Esteio,RS,0,-29.852,-51.1841
4307807,Estrela,RS,0,-29.5002,-51.9495
4307815,Estrela Velha,RS,0,-29.1713,-53.1639
4307831,Eugênio de Castro,RS,0,-28.5315,-54.1506
4307864,Fagundes Varela,RS,0,-28.8794,-51.7014
4307906,Farroupilha,RS,0,-29.2227,-51.3419
4308003,Faxinal do Soturno,RS,0,-29.5788,-53.4484
4308052,Faxinalzinho,RS,0,-27.4238,-52.6789
4308078,Fazenda Vilanova,RS,0,-29.5885,-51.8217
4308102,Feliz,RS,0,-29.4527,-51.3032
4308201,Flores da Cunha,RS,0,-29.0261,-51.1875
4308250,Floriano Peixoto,RS,0,-27.8614,-52.0838
4308300,Fontoura Xavier,RS,0,-28.9817,-52.3445
4308409,Formigueiro,RS,0,-30.0035,-53.4959
4308433,Forquetinha,RS,0,-29.3828,-52.0981
4308458,Fortaleza dos Valos,RS,0,-28.7986,-53.2249
4308508,Frederico Westphalen,RS,0,-27.3586,-53.3958
4308607,Garibaldi,RS,0,-29.259,-51.5352
4308656,Garruchos,RS,0,-28.1944,-55.6383
4308706,Gaurama,RS,0,-27.5856,-52.0915
4308805,General Câmara,RS,0,-29.9032,-51.7612
4308854,Gentil,RS,0,-28.4316,-52.0337
4308904,Getúlio Vargas,RS,0,-27.8911,-52.2294
4309001,Giruá,RS,0,-28.0297,-54.3517
4309050,Glorinha,RS,0,-29.8798,-50.7734
4309100,Gramado,RS,0,-29.3734,-50.8762
4309126,Gramado dos Loureiros,RS,0,-27.4429,-52.9149
4309159,Gramado Xavier,RS,0,-29.2706,-52.5795
4309209,Gravataí,RS,0,-29.9413,-50.9869
4309258,Guabiju,RS,0,-28.5421,-51.6948
4309308,Guaíba,RS,0,-30.1086,-51.3233
4309407,Guaporé,RS,0,-28.8399,-51.8895
4309506,Guarani das Missões,RS,0,-28.1491,-54.5629
4309555,Harmonia,RS,0,-29.5456,-51.4185
4309571,Herveiras,RS,0,-29.4552,-52.6553
4309605,Horizontina,RS,0,-27.6282,-54.3053
4309654,Hulha Negra,RS,0,-31.4067,-53.8667
4309704,Humaitá,RS,0,-27.5691,-53.9695
4309753,Ibarama,RS,0,-29.4203,-53.1295
4309803,Ibiaçá,RS,0,-28.0566,-51.8599
4309902,Ibiraiaras,RS,0,-28.3741,-51.6377
4309951,Ibirapuitã,RS,0,-28.6247,-52.5158
4310009,Ibirubá,RS,0,-28.6302,-53.0961
4310108,Igrejinha,RS,0,-29.5693,-50.7919
4310207,Ijuí,RS,0,-28.388,-53.92
4310306,Ilópolis,RS,0,-28.9282,-52.1258
4310330,Imbé,RS,0,-29.9753,-50.1281
4310363,Imigrante,RS,0,-29.3508,-51.7748
4310405,Independência,RS,0,-27.8354,-54.1886
4310413,Inhacorá,RS,0,-27.8752,-54.015
4310439,Ipê,RS,0,-28.8171,-51.2859
4310462,Ipiranga do Sul,RS,0,-27.9404,-52.4271
4310504,Iraí,RS,0,-27.1951,-53.2543
4310538,Itaara,RS,0,-29.6013,-53.7725
4310553,Itacurubi,RS,0,-28.7913,-55.2447
4310579,Itapuca,RS,0,-28.7768,-52.1693
4310603,Itaqui,RS,0,-29.1311,-56.5515
4310652,Itati,RS,0,-29.4974,-50.1016
4310702,Itatiba do Sul,RS,0,-27.3846,-52.4538
4310751,Ivorá,RS,0,-29.5232,-53.5842
4310801,Ivoti,RS,0,-29.5995,-51.1533
4310850,Jaboticaba,RS,0,-27.6347,-53.2762
4310876,Jacuizinho,RS,0,-29.0401,-53.0657
4310900,Jacutinga,RS,0,-27.7291,-52.5372
4311007,Jaguarão,RS,0,-32.5604,-53.377
4311106,Jaguari,RS,0,-29.4936,-54.703
4311122,Jaquirana,RS,0,-28.8811,-50.3637
4311130,Jari,RS,0,-29.2922,-54.2237
4311155,Jóia,RS,0,-28.6435,-54.1141
4311205,Júlio de Castilhos,RS,0,-29.2299,-53.6772
4311239,Lagoa Bonita do Sul,RS,0,-29.4939,-53.017
4311254,Lagoão,RS,0,-29.2348,-52.7997
4311270,Lagoa dos Três Cantos,RS,0,-28.5676,-52.8618
4311304,Lagoa Vermelha,RS,0,-28.2093,-51.5248
4311403,Lajeado,RS,0,-29.4591,-51.9644
4311429,Lajeado do Bugre,RS,0,-27.6913,-53.1818
4311502,Lavras do Sul,RS,0,-30.8071,-53.8931
4311601,Liberato Salzano,RS,0,-27.601,-53.0753
4311627,Lindolfo Collor,RS,0,-29.5859,-51.2141
4311643,Linha Nova,RS,0,-29.4679,-51.2003
4311700,Machadinho,RS,0,-27.5667,-51.6668
4311718,Maçambará,RS,0,-29.1445,-56.0674
4311734,Mampituba,RS,0,-29.2136,-49.9311
4311759,Manoel Viana,RS,0,-29.5859,-55.4841
4311775,Maquiné,RS,0,-29.6798,-50.2079
4311791,Maratá,RS,0,-29.5457,-51.5573
4311809,Marau,RS,0,-28.4498,-52.1986
4311908,Marcelino Ramos,RS,0,-27.4676,-51.9095
4311981,Mariana Pimentel,RS,0,-30.353,-51.5803
4312005,Mariano Moro,RS,0,-27.3568,-52.1467
4312054,Marques de Souza,RS,0,-29.3311,-52.0973
4312104,Mata,RS,0,-29.5649,-54.4641
4312138,Mato Castelhano,RS,0,-28.28,-52.1932
4312153,Mato Leitão,RS,0,-29.5285,-52.1278
4312179,Mato Queimado,RS,0,-28.252,-54.6159
4312203,Maximiliano de Almeida,RS,0,-27.6325,-51.802
4312252,Minas do Leão,RS,0,-30.1346,-52.0423
4312302,Miraguaí,RS,0,-27.497,-53.6891
4312351,Montauri,RS,0,-28.6462,-52.0767
4312377,Monte Alegre dos Campos,RS,0,-28.6805,-50.7834
4312385,Monte Belo do Sul,RS,0,-29.1607,-51.6333
4312401,Montenegro,RS,0,-29.6824,-51.4679
4312427,Mormaço,RS,0,-28.6968,-52.6999
4312443,Morrinhos do Sul,RS,0,-29.3578,-49.9328
4312450,Morro Redondo,RS,0,-31.5887,-52.6261
4312476,Morro Reuter,RS,0,-29.5379,-51.0811
4312500,Mostardas,RS,0,-31.1054,-50.9167
4312609,Muçum,RS,0,-29.163,-51.8714
4312617,Muitos Capões,RS,0,-28.3132,-51.1836
4312625,Muliterno,RS,0,-28.3253,-51.7697
4312658,Não-Me-Toque,RS,0,-28.4548,-52.8182
4312674,Nicolau Vergueiro,RS,0,-28.5298,-52.4676
4312708,Nonoai,RS,0,-27.3689,-52.7756
4312757,Nova Alvorada,RS,0,-28.6822,-52.1631
4312807,Nova Araçá,RS,0,-28.6537,-51.7458
4312906,Nova Bassano,RS,0,-28.7291,-51.7072
4312955,Nova Boa Vista,RS,0,-27.9926,-52.9784
4313003,Nova Bréscia,RS,0,-29.2182,-52.0319
4313011,Nova Candelária,RS,0,-27.6137,-54.1074
4313037,Nova Esperança do Sul,RS,0,-29.4066,-54.8293
4313060,Nova Hartz,RS,0,-29.5808,-50.9051
4313086,Nova Pádua,RS,0,-29.0275,-51.3098
4313102,Nova Palma,RS,0,-29.471,-53.4689
4313201,Nova Petrópolis,RS,0,-29.3741,-51.1136
4313300,Nova Prata,RS,0,-28.7799,-51.6113
4313334,Nova Ramada,RS,0,-28.0667,-53.6992
4313359,Nova Roma do Sul,RS,0,-28.9882,-51.4095
4313375,Nova Santa Rita,RS,0,-29.8525,-51.2837
4313391,Novo Cabrais,RS,0,-29.7338,-52.9489
4313409,Novo Hamburgo,RS,0,-29.6875,-51.1328
4313425,Novo Machado,RS,0,-27.5765,-54.5036
4313441,Novo Tiradentes,RS,0,-27.5649,-53.1837
4313466,Novo Xingu,RS,0,-27.749,-53.0639
4313490,Novo Barreiro,RS,0,-27.9077,-53.1103
4313508,Osório,RS,0,-29.8881,-50.2667
4313607,Paim Filho,RS,0,-27.7075,-51.763
4313656,Palmares do Sul,RS,0,-30.2535,-50.5103
4313706,Palmeira das Missões,RS,0,-27.9007,-53.3134
4313805,Palmitinho,RS,0,-27.3596,-53.558
4313904,Panambi,RS,0,-28.2833,-53.5023
4313953,Pantano Grande,RS,0,-30.1902,-52.3729
4314001,Paraí,RS,0,-28.5964,-51.7896
4314027,Paraíso do Sul,RS,0,-29.6717,-53.144
4314035,Pareci Novo,RS,0,-29.6365,-51.3974
4314050,Parobé,RS,0,-29.6243,-50.8312
4314068,Passa Sete,RS,0,-29.4577,-52.9599
4314076,Passo do Sobrado,RS,0,-29.748,-52.2748
4314100,Passo Fundo,RS,0,-28.2576,-52.4091
4314134,Paulo Bento,RS,0,-27.7051,-52.4169
4314159,Paverama,RS,0,-29.5486,-51.7339
4314175,Pedras Altas,RS,0,-31.7365,-53.5814
4314209,Pedro Osório,RS,0,-31.8642,-52.8184
4314308,Pejuçara,RS,0,-28.4283,-53.6579
4314407,Pelotas,RS,0,-31.7649,-52.3371
4314423,Picada Café,RS,0,-29.4464,-51.1367
4314456,Pinhal,RS,0,-27.508,-53.2082
4314464,Pinhal da Serra,RS,0,-27.8751,-51.1673
4314472,Pinhal Grande,RS,0,-29.345,-53.3206
4314498,Pinheirinho do Vale,RS,0,-27.2109,-53.608
4314506,Pinheiro Machado,RS,0,-31.5794,-53.3798
4314548,Pinto Bandeira,RS,0,-29.0975,-51.4503
4314555,Pirapó,RS,0,-28.0439,-55.2001
4314605,Piratini,RS,0,-31.4473,-53.0973
4314704,Planalto,RS,0,-27.3297,-53.0575
4314753,Poço das Antas,RS,0,-29.4481,-51.6719
4314779,Pontão,RS,0,-28.0585,-52.6791
4314787,Ponte Preta,RS,0,-27.6587,-52.4848
4314803,Portão,RS,0,-29.7015,-51.2429
4314902,Porto Alegre,RS,1,-30.0318,-51.2065
4315008,Porto Lucena,RS,0,-27.8569,-55.01
4315057,Porto Mauá,RS,0,-27.5796,-54.6657
4315073,Porto Vera Cruz,RS,0,-27.7405,-54.8994
4315107,Porto Xavier,RS,0,-27.9082,-55.1379
4315131,Pouso Novo,RS,0,-29.1738,-52.2136
4315149,Presidente Lucena,RS,0,-29.5175,-51.1798
4315156,Progresso,RS,0,-29.2441,-52.3197
4315172,Protásio Alves,RS,0,-28.7572,-51.4757
4315206,Putinga,RS,0,-29.0045,-52.1569
4315305,Quaraí,RS,0,-30.384,-56.4483
4315313,Quatro Irmãos,RS,0,-27.8257,-52.4424
4315321,Quevedos,RS,0,-29.3504,-54.0789
4315354,Quinze de Novembro,RS,0,-28.7466,-53.1011
4315404,Redentora,RS,0,-27.664,-53.6407
4315453,Relvado,RS,0,-29.1164,-52.0778
4315503,Restinga Sêca,RS,0,-29.8188,-53.3807
4315552,Rio dos Índios,RS,0,-27.2973,-52.8417
4315602,Rio Grande,RS,0,-32.0349,-52.1071
4315701,Rio Pardo,RS,0,-29.988,-52.3711
4315750,Riozinho,RS,0,-29.639,-50.4488
4315800,Roca Sales,RS,0,-29.2884,-51.8658
4315909,Rodeio Bonito,RS,0,-27.4742,-53.1706
4315958,Rolador,RS,0,-28.2566,-54.8186
4316006,Rolante,RS,0,-29.6462,-50.5819
4316105,Ronda Alta,RS,0,-27.7758,-52.8056
4316204,Rondinha,RS,0,-27.8315,-52.9081
4316303,Roque Gonzales,RS,0,-28.1297,-55.0266
4316402,Rosário do Sul,RS,0,-30.2515,-54.9221
4316428,Sagrada Família,RS,0,-27.7085,-53.1351
4316436,Saldanha Marinho,RS,0,-28.3941,-53.097
4316451,Salto do Jacuí,RS,0,-29.0951,-53.2133
4316477,Salvador das Missões,RS,0,-28.1233,-54.8373
4316501,Salvador do Sul,RS,0,-29.4386,-51.5077
4316600,Sananduva,RS,0,-27.947,-51.8079
4316709,Santa Bárbara do Sul,RS,0,-28.3653,-53.251
4316733,Santa Cecília do Sul,RS,0,-28.1609,-51.9279
4316758,Santa Clara do Sul,RS,0,-29.4747,-52.0843
4316808,Santa Cruz do Sul,RS,0,-29.722,-52.4343
4316907,Santa Maria,RS,0,-29.6868,-53.8149
4316956,Santa Maria do Herval,RS,0,-29.4902,-50.9919
4316972,Santa Margarida do Sul,RS,0,-30.3393,-54.0817
4317004,Santana da Boa Vista,RS,0,-30.8697,-53.11
4317103,Sant'Ana do Livramento,RS,0,-30.8773,-55.5392
4317202,Santa Rosa,RS,0,-27.8702,-54.4796
4317251,Santa Tereza,RS,0,-29.1655,-51.7351
4317301,Santa Vitória do Palmar,RS,0,-33.525,-53.3717
4317400,Santiago,RS,0,-29.1897,-54.8666
4317509,Santo Ângelo,RS,0,-28.3001,-54.2668
4317558,Santo Antônio do Palma,RS,0,-28.4956,-52.0267
4317608,Santo Antônio da Patrulha,RS,0,-29.8268,-50.5175
4317707,Santo Antônio das Missões,RS,0,-28.514,-55.2251
4317756,Santo Antônio do Planalto,RS,0,-28.403,-52.6992
4317806,Santo Augusto,RS,0,-27.8526,-53.7776
4317905,Santo Cristo,RS,0,-27.8263,-54.662
4317954,Santo Expedito do Sul,RS,0,-27.9074,-51.6434
4318002,São Borja,RS,0,-28.6578,-56.0036
4318051,São Domingos do Sul,RS,0,-28.5312,-51.886
4318101,São Francisco de Assis,RS,0,-29.5547,-55.1253
4318200,São Francisco de Paula,RS,0,-29.4404,-50.5828
4318309,São Gabriel,RS,0,-30.3337,-54.3217
4318408,São Jerônimo,RS,0,-29.9716,-51.7251
4318424,São João da Urtiga,RS,0,-27.8195,-51.8257
4318432,São João do Polêsine,RS,0,-29.6194,-53.4439
4318440,São Jorge,RS,0,-28.4984,-51.7064
4318457,São José das Missões,RS,0,-27.7789,-53.1226
4318465,São José do Herval,RS,0,-29.052,-52.295
4318481,São José do Hortêncio,RS,0,-29.528,-51.245
4318499,São José do Inhacorá,RS,0,-27.7251,-54.1275
4318507,São José do Norte,RS,0,-32.0151,-52.0331
4318606,São José do Ouro,RS,0,-27.7707,-51.5966
4318614,São José do Sul,RS,0,-29.5448,-51.4821
4318622,São José dos Ausentes,RS,0,-28.7476,-50.0677
4318705,São Leopoldo,RS,0,-29.7545,-51.1498
4318804,São Lourenço do Sul,RS,0,-31.3564,-51.9715
4318903,São Luiz Gonzaga,RS,0,-28.412,-54.9559
4319000,São Marcos,RS,0,-28.9677,-51.0696
4319109,São Martinho,RS,0,-27.7112,-53.9699
4319125,São Martinho da Serra,RS,0,-29.5397,-53.859
4319158,São Miguel das Missões,RS,0,-28.556,-54.5559
4319208,São Nicolau,RS,0,-28.1834,-55.2654
4319307,São Paulo das Missões,RS,0,-28.0195,-54.9404
4319356,São Pedro da Serra,RS,0,-29.4193,-51.5134
4319364,São Pedro das Missões,RS,0,-27.7706,-53.2513
4319372,São Pedro do Butiá,RS,0,-28.1243,-54.8926
4319406,São Pedro do Sul,RS,0,-29.6202,-54.1855
4319505,São Sebastião do Caí,RS,0,-29.5885,-51.3749
4319604,São Sepé,RS,0,-30.1643,-53.5603
4319703,São Valentim,RS,0,-27.5583,-52.5237
4319711,São Valentim do Sul,RS,0,-29.0451,-51.7684
4319737,São Valério do Sul,RS,0,-27.7906,-53.9368
4319752,São Vendelino,RS,0,-29.3729,-51.3675
4319802,São Vicente do Sul,RS,0,-29.6882,-54.6826
4319901,Sapiranga,RS,0,-29.6349,-51.0064
4320008,Sapucaia do Sul,RS,0,-29.8276,-51.145
4320107,Sarandi,RS,0,-27.942,-52.9231
4320206,Seberi,RS,0,-27.4829,-53.4026
4320230,Sede Nova,RS,0,-27.6367,-53.9493
4320263,Segredo,RS,0,-29.3523,-52.9767
4320305,Selbach,RS,0,-28.6294,-52.9498
4320321,Senador Salgado Filho,RS,0,-28.025,-54.5507
4320354,Sentinela do Sul,RS,0,-30.6107,-51.5862
4320404,Serafina Corrêa,RS,0,-28.7126,-51.9352
4320453,Sério,RS,0,-29.3904,-52.2685
4320503,Sertão,RS,0,-27.9798,-52.2588
4320552,Sertão Santana,RS,0,-30.4562,-51.6017
4320578,Sete de Setembro,RS,0,-28.1362,-54.4637
4320602,Severiano de Almeida,RS,0,-27.4362,-52.1217
4320651,Silveira Martins,RS,0,-29.6467,-53.591
4320677,Sinimbu,RS,0,-29.5357,-52.5304
4320701,Sobradinho,RS,0,-29.4194,-53.0326
4320800,Soledade,RS,0,-28.8306,-52.5131
4320859,Tabaí,RS,0,-29.643,-51.6823
4320909,Tapejara,RS,0,-28.0652,-52.0097
4321006,Tapera,RS,0,-28.6277,-52.8613
4321105,Tapes,RS,0,-30.6683,-51.3991
4321204,Taquara,RS,0,-29.6505,-50.7753
4321303,Taquari,RS,0,-29.7943,-51.8653
4321329,Taquaruçu do Sul,RS,0,-27.4005,-53.4702
4321352,Tavares,RS,0,-31.2843,-51.088
4321402,Tenente Portela,RS,0,-27.3711,-53.7585
4321436,Terra de Areia,RS,0,-29.5782,-50.0644
4321451,Teutônia,RS,0,-29.4482,-51.8044
4321469,Tio Hugo,RS,0,-28.5712,-52.5955
4321477,Tiradentes do Sul,RS,0,-27.4022,-54.0814
4321493,Toropi,RS,0,-29.4782,-54.2244
4321501,Torres,RS,0,-29.3334,-49.7333
4321600,Tramandaí,RS,0,-29.9841,-50.1322
4321626,Travesseiro,RS,0,-29.2977,-52.0532
4321634,Três Arroios,RS,0,-27.5003,-52.1448
4321667,Três Cachoeiras,RS,0,-29.4487,-49.9275
4321709,Três Coroas,RS,0,-29.5137,-50.7739
4321808,Três de Maio,RS,0,-27.78,-54.2357
4321832,Três Forquilhas,RS,0,-29.5384,-50.0708
4321857,Três Palmeiras,RS,0,-27.6139,-52.8437
4321907,Três Passos,RS,0,-27.4555,-53.9296
4321956,Trindade do Sul,RS,0,-27.5239,-52.8956
4322004,Triunfo,RS,0,-29.9291,-51.7075
4322103,Tucunduva,RS,0,-27.6573,-54.4439
4322152,Tunas,RS,0,-29.1039,-52.9538
4322186,Tupanci do Sul,RS,0,-27.9241,-51.5383
4322202,Tupanciretã,RS,0,-29.0858,-53.8445
4322251,Tupandi,RS,0,-29.4772,-51.4174
4322301,Tuparendi,RS,0,-27.7598,-54.4814
4322327,Turuçu,RS,0,-31.4173,-52.1706
4322343,Ubiretama,RS,0,-28.0404,-54.686
4322350,União da Serra,RS,0,-28.7833,-52.0238
4322376,Unistalda,RS,0,-29.04,-55.1517
4322400,Uruguaiana,RS,0,-29.7614,-57.0853
4322509,Vacaria,RS,0,-28.5079,-50.9418
4322525,Vale Verde,RS,0,-29.7864,-52.1857
4322533,Vale do Sol,RS,0,-29.5967,-52.6839
4322541,Vale Real,RS,0,-29.3919,-51.2559
4322558,Vanini,RS,0,-28.4758,-51.8447
4322608,Venâncio Aires,RS,0,-29.6143,-52.1932
4322707,Vera Cruz,RS,0,-29.7184,-52.5152
4322806,Veranópolis,RS,0,-28.9312,-51.5516
4322855,Vespasiano Corrêa,RS,0,-29.0655,-51.8625
4322905,Viadutos,RS,0,-27.5716,-52.0211
4323002,Viamão,RS,0,-30.0819,-51.0194
4323101,Vicente Dutra,RS,0,-27.1607,-53.4022
4323200,Victor Graeff,RS,0,-28.5632,-52.7495
4323309,Vila Flores,RS,0,-28.8598,-51.5504
4323358,Vila Lângaro,RS,0,-28.1062,-52.1438
4323408,Vila Maria,RS,0,-28.5359,-52.1486
4323457,Vila Nova do Sul,RS,0,-30.3461,-53.876
4323507,Vista Alegre,RS,0,-27.3686,-53.4919
4323606,Vista Alegre do Prata,RS,0,-28.8052,-51.7947
4323705,Vista Gaúcha,RS,0,-27.2902,-53.6974
4323754,Vitória das Missões,RS,0,-28.3516,-54.504
4323770,Westfália,RS,0,-29.4263,-51.7645
4323804,Xangri-lá,RS,0,-29.8065,-50.0519
5000203,Água Clara,MS,0,-20.4452,-52.879
5000252,Alcinópolis,MS,0,-18.3255,-53.7042
5000609,Amambai,MS,0,-23.1058,-55.2253
5000708,Anastácio,MS,0,-20.4823,-55.8104
5000807,Anaurilândia,MS,0,-22.1852,-52.7191
5000856,Angélica,MS,0,-22.1527,-53.7708
5000906,Antônio João,MS,0,-22.1927,-55.9517
5001003,Aparecida do Taboado,MS,0,-20.0873,-51.0961
5001102,Aquidauana,MS,0,-20.4666,-55.7868
5001243,Aral Moreira,MS,0,-22.9385,-55.6334
5001508,Bandeirantes,MS,0,-19.9275,-54.3585
5001904,Bataguassu,MS,0,-21.7159,-52.4221
5002001,Batayporã,MS,0,-22.2944,-53.2705
5002100,Bela Vista,MS,0,-22.1073,-56.5263
5002159,Bodoquena,MS,0,-20.537,-56.7127
5002209,Bonito,MS,0,-21.1261,-56.4836
5002308,Brasilândia,MS,0,-21.2544,-52.0365
5002407,Caarapó,MS,0,-22.6368,-54.8209
5002605,Camapuã,MS,0,-19.5347,-54.0431
5002704,Campo Grande,MS,1,-20.4486,-54.6295
5002803,Caracol,MS,0,-22.011,-57.0277
5002902,Cassilândia,MS,0,-19.1179,-51.7313
5002951,Chapadão do Sul,MS,0,-18.788,-52.6263
5003108,Corguinho,MS,0,-19.8243,-54.8281
5003157,Coronel Sapucaia,MS,0,-23.2724,-55.5278
5003207,Corumbá,MS,0,-19.0077,-57.651
5003256,Costa Rica,MS,0,-18.5432,-53.1287
5003306,Coxim,MS,0,-18.5013,-54.751
5003454,Deodápolis,MS,0,-22.2763,-54.1682
5003488,Dois Irmãos do Buriti,MS,0,-20.6848,-55.2915
5003504,Douradina,MS,0,-22.0405,-54.6158
5003702,Dourados,MS,0,-22.2231,-54.812
5003751,Eldorado,MS,0,-23.7868,-54.2838
5003801,Fátima do Sul,MS,0,-22.3789,-54.5131
5003900,Figueirão,MS,0,-18.6782,-53.638
5004007,Glória de Dourados,MS,0,-22.4136,-54.2335
5004106,Guia Lopes da Laguna,MS,0,-21.4583,-56.1117
5004304,Iguatemi,MS,0,-23.6736,-54.5637
5004403,Inocência,MS,0,-19.7277,-51.9281
5004502,Itaporã,MS,0,-22.08,-54.7934
5004601,Itaquiraí,MS,0,-23.4779,-54.187
5004700,Ivinhema,MS,0,-22.3046,-53.8184
5004809,Japorã,MS,0,-23.8903,-54.4059
5004908,Jaraguari,MS,0,-20.1386,-54.3996
5005004,Jardim,MS,0,-21.4799,-56.1489
5005103,Jateí,MS,0,-22.4806,-54.3079
5005152,Juti,MS,0,-22.8596,-54.6061
5005202,Ladário,MS,0,-19.0089,-57.5973
5005251,Laguna Carapã,MS,0,-22.5448,-55.1502
5005400,Maracaju,MS,0,-21.6105,-55.1678
5005608,Miranda,MS,0,-20.2355,-56.3746
5005681,Mundo Novo,MS,0,-23.9355,-54.281
5005707,Naviraí,MS,0,-23.0618,-54.1995
5005806,Nioaque,MS,0,-21.1419,-55.8296
5006002,Nova Alvorada do Sul,MS,0,-21.4657,-54.3825
5006200,Nova Andradina,MS,0,-22.238,-53.3437
5006259,Novo Horizonte do Sul,MS,0,-22.6693,-53.8601
5006275,Paraíso das Águas,MS,0,-19.0216,-53.0116
5006309,Paranaíba,MS,0,-19.6746,-51.1909
5006358,Paranhos,MS,0,-23.8911,-55.429
5006408,Pedro Gomes,MS,0,-18.0996,-54.5507
5006606,Ponta Porã,MS,0,-22.5296,-55.7203
5006903,Porto Murtinho,MS,0,-21.6981,-57.8836
5007109,Ribas do Rio Pardo,MS,0,-20.4445,-53.7588
5007208,Rio Brilhante,MS,0,-21.8033,-54.5427
5007307,Rio Negro,MS,0,-19.447,-54.9859
5007406,Rio Verde de Mato Grosso,MS,0,-18.9249,-54.8434
5007505,Rochedo,MS,0,-19.9565,-54.8848
5007554,Santa Rita do Pardo,MS,0,-21.3016,-52.8333
5007695,São Gabriel do Oeste,MS,0,-19.3889,-54.5507
5007703,Sete Quedas,MS,0,-23.9705,-55.0398
5007802,Selvíria,MS,0,-20.3637,-51.4192
5007901,Sidrolândia,MS,0,-20.9302,-54.9692
5007935,Sonora,MS,0,-17.5698,-54.7551
5007950,Tacuru,MS,0,-23.636,-55.0141
5007976,Taquarussu,MS,0,-22.4898,-53.3519
5008008,Terenos,MS,0,-20.4378,-54.8647
5008305,Três Lagoas,MS,0,-20.7849,-51.7007
5008404,Vicentina,MS,0,-22.4098,-54.4415
5100102,Acorizal,MT,0,-15.194,-56.3632
5100201,Água Boa,MT,0,-14.051,-52.1601
5100250,Alta Floresta,MT,0,-9.86674,-56.0867
5100300,Alto Araguaia,MT,0,-17.3153,-53.2181
5100359,Alto Boa Vista,MT,0,-11.6732,-51.3883
5100409,Alto Garças,MT,0,-16.9462,-53.5272
5100508,Alto Paraguai,MT,0,-14.5137,-56.4776
5100607,Alto Taquari,MT,0,-17.8241,-53.2792
5100805,Apiacás,MT,0,-9.53981,-57.4587
5101001,Araguaiana,MT,0,-15.7291,-51.8341
5101209,Araguainha,MT,0,-16.857,-53.0318
5101258,Araputanga,MT,0,-15.4641,-58.3425
5101308,Arenápolis,MT,0,-14.4472,-56.8437
5101407,Aripuanã,MT,0,-10.1723,-59.4568
5101605,Barão de Melgaço,MT,0,-16.2067,-55.9623
5101704,Barra do Bugres,MT,0,-15.0702,-57.1878
5101803,Barra do Garças,MT,0,-15.8804,-52.264
5101837,Boa Esperança do Norte,MT,0,-13.5067,-55.1486
5101852,Bom Jesus do Araguaia,MT,0,-12.1706,-51.5032
5101902,Brasnorte,MT,0,-12.1474,-57.9833
5102504,Cáceres,MT,0,-16.0764,-57.6818
5102603,Campinápolis,MT,0,-14.5162,-52.893
5102637,Campo Novo do Parecis,MT,0,-13.6587,-57.8907
5102678,Campo Verde,MT,0,-15.545,-55.1626
5102686,Campos de Júlio,MT,0,-13.7242,-59.2858
5102694,Canabrava do Norte,MT,0,-11.0556,-51.8209
5102702,Canarana,MT,0,-13.5515,-52.2705
5102793,Carlinda,MT,0,-9.94912,-55.8417
5102850,Castanheira,MT,0,-11.1251,-58.6081
5103007,Chapada dos Guimarães,MT,0,-15.4643,-55.7499
5103056,Cláudia,MT,0,-11.5075,-54.8835
5103106,Cocalinho,MT,0,-14.3903,-51.0001
5103205,Colíder,MT,0,-10.8135,-55.461
5103254,Colniza,MT,0,-9.46121,-59.2252
5103304,Comodoro,MT,0,-13.6614,-59.7848
5103353,Confresa,MT,0,-10.6437,-51.5699
5103361,Conquista D'Oeste,MT,0,-14.5381,-59.5444
5103379,Cotriguaçu,MT,0,-9.85656,-58.4192
5103403,Cuiabá,MT,1,-15.601,-56.0974
5103437,Curvelândia,MT,0,-15.6084,-57.9133
5103452,Denise,MT,0,-14.7324,-57.0583
5103502,Diamantino,MT,0,-14.4037,-56.4366
5103601,Dom Aquino,MT,0,-15.8099,-54.9223
5103700,Feliz Natal,MT,0,-12.385,-54.9227
5103809,Figueirópolis D'Oeste,MT,0,-15.4439,-58.7391
5103858,Gaúcha do Norte,MT,0,-13.2443,-53.0809
5103908,General Carneiro,MT,0,-15.7094,-52.7574
5103957,Glória D'Oeste,MT,0,-15.768,-58.3108
5104104,Guarantã do Norte,MT,0,-9.96218,-54.9121
5104203,Guiratinga,MT,0,-16.346,-53.7575
5104500,Indiavaí,MT,0,-15.4921,-58.5802
5104526,Ipiranga do Norte,MT,0,-12.2408,-56.1531
5104542,Itanhangá,MT,0,-12.2259,-56.6463
5104559,Itaúba,MT,0,-11.0614,-55.2766
5104609,Itiquira,MT,0,-17.2147,-54.1422
5104807,Jaciara,MT,0,-15.9548,-54.9733
5104906,Jangada,MT,0,-15.235,-56.4917
5105002,Jauru,MT,0,-15.3342,-58.8723
5105101,Juara,MT,0,-11.2639,-57.5244
5105150,Juína,MT,0,-11.3728,-58.7483
5105176,Juruena,MT,0,-10.3178,-58.3592
5105200,Juscimeira,MT,0,-16.0633,-54.8859
5105234,Lambari D'Oeste,MT,0,-15.3188,-58.0046
5105259,Lucas do Rio Verde,MT,0,-13.0588,-55.9042
5105309,Luciara,MT,0,-11.2219,-50.6676
5105507,Vila Bela da Santíssima Trindade,MT,0,-15.0068,-59.9504
5105580,Marcelândia,MT,0,-11.0463,-54.4377
5105606,Matupá,MT,0,-10.1821,-54.9467
5105622,Mirassol d'Oeste,MT,0,-15.6759,-58.0951
5105903,Nobres,MT,0,-14.7192,-56.3284
5106000,Nortelândia,MT,0,-14.454,-56.7945
5106109,Nossa Senhora do Livramento,MT,0,-15.772,-56.3432
5106158,Nova Bandeirantes,MT,0,-9.84977,-57.8139
5106174,Nova Nazaré,MT,0,-13.9486,-51.8002
5106182,Nova Lacerda,MT,0,-14.4727,-59.6001
5106190,Nova Santa Helena,MT,0,-10.8651,-55.1872
5106208,Nova Brasilândia,MT,0,-14.9612,-54.9685
5106216,Nova Canaã do Norte,MT,0,-10.558,-55.953
5106224,Nova Mutum,MT,0,-13.8374,-56.0743
5106232,Nova Olímpia,MT,0,-14.7889,-57.2886
5106240,Nova Ubiratã,MT,0,-12.9834,-55.2556
5106257,Nova Xavantina,MT,0,-14.6771,-52.3502
5106265,Novo Mundo,MT,0,-9.95616,-55.2029
5106273,Novo Horizonte do Norte,MT,0,-11.4089,-57.3488
5106281,Novo São Joaquim,MT,0,-14.9054,-53.0194
5106299,Paranaíta,MT,0,-9.65835,-56.4786
5106307,Paranatinga,MT,0,-14.4265,-54.0524
5106315,Novo Santo Antônio,MT,0,-12.2875,-50.9686
5106372,Pedra Preta,MT,0,-16.6245,-54.4722
5106422,Peixoto de Azevedo,MT,0,-10.2262,-54.9794
5106455,Planalto da Serra,MT,0,-14.6518,-54.7819
5106505,Poconé,MT,0,-16.266,-56.6261
5106653,Pontal do Araguaia,MT,0,-15.9274,-52.3273
5106703,Ponte Branca,MT,0,-16.7584,-52.8369
5106752,Pontes e Lacerda,MT,0,-15.2219,-59.3435
5106778,Porto Alegre do Norte,MT,0,-10.8761,-51.6357
5106802,Porto dos Gaúchos,MT,0,-11.533,-57.4132
5106828,Porto Esperidião,MT,0,-15.857,-58.4619
5106851,Porto Estrela,MT,0,-15.3235,-57.2204
5107008,Poxoréu,MT,0,-15.8299,-54.4208
5107040,Primavera do Leste,MT,0,-15.544,-54.2811
5107065,Querência,MT,0,-12.6093,-52.1821
5107107,São José dos Quatro Marcos,MT,0,-15.6276,-58.1772
5107156,Reserva do Cabaçal,MT,0,-15.0743,-58.4585
5107180,Ribeirão Cascalheira,MT,0,-12.9367,-51.8244
5107198,Ribeirãozinho,MT,0,-16.4856,-52.6924
5107206,Rio Branco,MT,0,-15.2483,-58.1259
5107248,Santa Carmem,MT,0,-11.9125,-55.2263
5107263,Santo Afonso,MT,0,-14.4945,-57.0091
5107297,São José do Povo,MT,0,-16.4549,-54.2487
5107305,São José do Rio Claro,MT,0,-13.4398,-56.7218
5107354,São José do Xingu,MT,0,-10.7982,-52.7486
5107404,São Pedro da Cipa,MT,0,-16.0109,-54.9176
5107578,Rondolândia,MT,0,-10.8376,-61.4697
5107602,Rondonópolis,MT,0,-16.4673,-54.6372
5107701,Rosário Oeste,MT,0,-14.8259,-56.4236
5107743,Santa Cruz do Xingu,MT,0,-10.1532,-52.3953
5107750,Salto do Céu,MT,0,-15.1303,-58.1317
5107768,Santa Rita do Trivelato,MT,0,-13.8146,-55.2706
5107776,Santa Terezinha,MT,0,-10.4704,-50.514
5107792,Santo Antônio do Leste,MT,0,-14.805,-53.6075
5107800,Santo Antônio do Leverger,MT,0,-15.8632,-56.0788
5107859,São Félix do Araguaia,MT,0,-11.615,-50.6706
5107875,Sapezal,MT,0,-12.9892,-58.7645
5107883,Serra Nova Dourada,MT,0,-12.0896,-51.4025
5107909,Sinop,MT,0,-11.8604,-55.5091
5107925,Sorriso,MT,0,-12.5425,-55.7211
5107941,Tabaporã,MT,0,-11.3007,-56.8312
5107958,Tangará da Serra,MT,0,-14.6229,-57.4933
5108006,Tapurah,MT,0,-12.695,-56.5178
5108055,Terra Nova do Norte,MT,0,-10.517,-55.231
5108105,Tesouro,MT,0,-16.0809,-53.559
5108204,Torixoréu,MT,0,-16.2006,-52.5571
5108303,União do Sul,MT,0,-11.5308,-54.3616
5108352,Vale de São Domingos,MT,0,-15.286,-59.0683
5108402,Várzea Grande,MT,0,-15.6458,-56.1322
5108501,Vera,MT,0,-12.3017,-55.3045
5108600,Vila Rica,MT,0,-10.0137,-51.1186
5108808,Nova Guarita,MT,0,-10.312,-55.4061
5108857,Nova Marilândia,MT,0,-14.3568,-56.9696
5108907,Nova Maringá,MT,0,-13.0136,-57.0908
5108956,Nova Monte Verde,MT,0,-9.99998,-57.5261
5200050,Abadia de Goiás,GO,0,-16.7573,-49.4412
5200100,Abadiânia,GO,0,-16.197,-48.7057
5200134,Acreúna,GO,0,-17.396,-50.3749
5200159,Adelândia,GO,0,-16.4127,-50.1657
5200175,Água Fria de Goiás,GO,0,-14.9778,-47.7823
5200209,Água Limpa,GO,0,-18.0771,-48.7603
5200258,Águas Lindas de Goiás,GO,0,-15.7617,-48.2816
5200308,Alexânia,GO,0,-16.0834,-48.5076
5200506,Aloândia,GO,0,-17.7292,-49.4769
5200555,Alto Horizonte,GO,0,-14.1978,-49.3378
5200605,Alto Paraíso de Goiás,GO,0,-14.1305,-47.51
5200803,Alvorada do Norte,GO,0,-14.4797,-46.491
5200829,Amaralina,GO,0,-13.9236,-49.2962
5200852,Americano do Brasil,GO,0,-16.2514,-49.9831
5200902,Amorinópolis,GO,0,-16.6151,-51.0919
5201108,Anápolis,GO,0,-16.3281,-48.953
5201207,Anhanguera,GO,0,-18.3339,-48.2204
5201306,Anicuns,GO,0,-16.4642,-49.9617
5201405,Aparecida de Goiânia,GO,0,-16.8198,-49.2469
5201454,Aparecida do Rio Doce,GO,0,-18.2941,-51.1516
5201504,Aporé,GO,0,-18.9607,-51.9232
5201603,Araçu,GO,0,-16.3563,-49.6804
5201702,Aragarças,GO,0,-15.8955,-52.2372
5201801,Aragoiânia,GO,0,-16.9087,-49.4476
5202155,Araguapaz,GO,0,-15.0909,-50.6315
5202353,Arenópolis,GO,0,-16.3837,-51.5563
5202502,Aruanã,GO,0,-14.9166,-51.075
5202601,Aurilândia,GO,0,-16.6773,-50.4641
5202809,Avelinópolis,GO,0,-16.4672,-49.7579
5203104,Baliza,GO,0,-16.1966,-52.5393
5203203,Barro Alto,GO,0,-14.9658,-48.9086
5203302,Bela Vista de Goiás,GO,0,-16.9693,-48.9513
5203401,Bom Jardim de Goiás,GO,0,-16.2063,-52.1728
5203500,Bom Jesus de Goiás,GO,0,-18.2173,-49.74
5203559,Bonfinópolis,GO,0,-16.6173,-48.9616
5203575,Bonópolis,GO,0,-13.6329,-49.8106
5203609,Brazabrantes,GO,0,-16.4281,-49.3863
5203807,Britânia,GO,0,-15.2428,-51.1602
5203906,Buriti Alegre,GO,0,-18.1378,-49.0404
5203939,Buriti de Goiás,GO,0,-16.1792,-50.4302
5203962,Buritinópolis,GO,0,-14.4772,-46.4076
5204003,Cabeceiras,GO,0,-15.7995,-46.9265
5204102,Cachoeira Alta,GO,0,-18.7618,-50.9432
5204201,Cachoeira de Goiás,GO,0,-16.6635,-50.646
5204250,Cachoeira Dourada,GO,0,-18.4859,-49.4766
5204300,Caçu,GO,0,-18.5594,-51.1328
5204409,Caiapônia,GO,0,-16.9539,-51.8091
5204508,Caldas Novas,GO,0,-17.7441,-48.6246
5204557,Caldazinha,GO,0,-16.7117,-49.0013
5204607,Campestre de Goiás,GO,0,-16.7624,-49.695
5204656,Campinaçu,GO,0,-13.787,-48.5704
5204706,Campinorte,GO,0,-14.3137,-49.1511
5204805,Campo Alegre de Goiás,GO,0,-17.6363,-47.7768
5204854,Campo Limpo de Goiás,GO,0,-16.2971,-49.0895
5204904,Campos Belos,GO,0,-13.035,-46.7681
5204953,Campos Verdes,GO,0,-14.2442,-49.6528
5205000,Carmo do Rio Verde,GO,0,-15.3549,-49.708
5205059,Castelândia,GO,0,-18.0921,-50.203
5205109,Catalão,GO,0,-18.1656,-47.944
5205208,Caturaí,GO,0,-16.4447,-49.4936
5205307,Cavalcante,GO,0,-13.7976,-47.4566
5205406,Ceres,GO,0,-15.3061,-49.6
5205455,Cezarina,GO,0,-16.9718,-49.7758
5205471,Chapadão do Céu,GO,0,-18.4073,-52.549
5205497,Cidade Ocidental,GO,0,-16.0765,-47.9252
5205513,Cocalzinho de Goiás,GO,0,-15.7914,-48.7747
5205521,Colinas do Sul,GO,0,-14.1528,-48.076
5205703,Córrego do Ouro,GO,0,-16.2918,-50.5503
5205802,Corumbá de Goiás,GO,0,-15.9245,-48.8117
5205901,Corumbaíba,GO,0,-18.1415,-48.5626
5206206,Cristalina,GO,0,-16.7676,-47.6131
5206305,Cristianópolis,GO,0,-17.1987,-48.7034
5206404,Crixás,GO,0,-14.5412,-49.974
5206503,Cromínia,GO,0,-17.2883,-49.3798
5206602,Cumari,GO,0,-18.2644,-48.1511
5206701,Damianópolis,GO,0,-14.5604,-46.178
5206800,Damolândia,GO,0,-16.2544,-49.3631
5206909,Davinópolis,GO,0,-18.1501,-47.5568
5207105,Diorama,GO,0,-16.2329,-51.2543
5207253,Doverlândia,GO,0,-16.7188,-52.3189
5207352,Edealina,GO,0,-17.4239,-49.6644
5207402,Edéia,GO,0,-17.3406,-49.9295
5207501,Estrela do Norte,GO,0,-13.8665,-49.0716
5207535,Faina,GO,0,-15.4473,-50.3622
5207600,Fazenda Nova,GO,0,-16.1834,-50.7781
5207808,Firminópolis,GO,0,-16.5778,-50.304
5207907,Flores de Goiás,GO,0,-14.4451,-47.0417
5208004,Formosa,GO,0,-15.54,-47.337
5208103,Formoso,GO,0,-13.6499,-48.8775
5208152,Gameleira de Goiás,GO,0,-16.4854,-48.6454
5208301,Divinópolis de Goiás,GO,0,-13.2853,-46.3999
5208400,Goianápolis,GO,0,-16.5098,-49.0234
5208509,Goiandira,GO,0,-18.1352,-48.0875
5208608,Goianésia,GO,0,-15.3118,-49.1162
5208707,Goiânia,GO,1,-16.6864,-49.2643
5208806,Goianira,GO,0,-16.4947,-49.427
5208905,Goiás,GO,0,-15.9333,-50.14
5209101,Goiatuba,GO,0,-18.0105,-49.3658
5209150,Gouvelândia,GO,0,-18.6238,-50.0805
5209200,Guapó,GO,0,-16.8297,-49.5345
5209291,Guaraíta,GO,0,-15.6121,-50.0265
5209408,Guarani de Goiás,GO,0,-13.9421,-46.4868
5209457,Guarinos,GO,0,-14.7292,-49.7006
5209606,Heitoraí,GO,0,-15.719,-49.8268
5209705,Hidrolândia,GO,0,-16.9626,-49.2265
5209804,Hidrolina,GO,0,-14.7261,-49.4634
5209903,Iaciara,GO,0,-14.1011,-46.6335
5209937,Inaciolândia,GO,0,-18.4869,-49.9888
5209952,Indiara,GO,0,-17.1387,-49.9862
5210000,Inhumas,GO,0,-16.3611,-49.5001
5210109,Ipameri,GO,0,-17.7215,-48.1581
5210158,Ipiranga de Goiás,GO,0,-15.1689,-49.6695
5210208,Iporá,GO,0,-16.4398,-51.118
5210307,Israelândia,GO,0,-16.3144,-50.9087
5210406,Itaberaí,GO,0,-16.0206,-49.806
5210562,Itaguari,GO,0,-15.918,-49.6071
5210604,Itaguaru,GO,0,-15.7565,-49.6354
5210802,Itajá,GO,0,-19.0673,-51.5495
5210901,Itapaci,GO,0,-14.9522,-49.5511
5211008,Itapirapuã,GO,0,-15.8205,-50.6094
5211206,Itapuranga,GO,0,-15.5606,-49.949
5211305,Itarumã,GO,0,-18.7646,-51.3485
5211404,Itauçu,GO,0,-16.2029,-49.6109
5211503,Itumbiara,GO,0,-18.4093,-49.2158
5211602,Ivolândia,GO,0,-16.5995,-50.7921
5211701,Jandaia,GO,0,-17.0481,-50.1453
5211800,Jaraguá,GO,0,-15.7529,-49.3344
5211909,Jataí,GO,0,-17.8784,-51.7204
5212006,Jaupaci,GO,0,-16.1773,-50.9508
5212055,Jesúpolis,GO,0,-15.9484,-49.3739
5212105,Joviânia,GO,0,-17.802,-49.6197
5212204,Jussara,GO,0,-15.8659,-50.8668
5212253,Lagoa Santa,GO,0,-19.1832,-51.3998
5212303,Leopoldo de Bulhões,GO,0,-16.619,-48.7428
5212501,Luziânia,GO,0,-16.253,-47.95
5212600,Mairipotaba,GO,0,-17.2975,-49.4898
5212709,Mambaí,GO,0,-14.4823,-46.1165
5212808,Mara Rosa,GO,0,-14.0148,-49.1777
5212907,Marzagão,GO,0,-17.983,-48.6415
5212956,Matrinchã,GO,0,-15.4342,-50.7456
5213004,Maurilândia,GO,0,-17.9719,-50.3388
5213053,Mimoso de Goiás,GO,0,-15.0515,-48.1611
5213087,Minaçu,GO,0,-13.5304,-48.2206
5213103,Mineiros,GO,0,-17.5654,-52.5537
5213400,Moiporá,GO,0,-16.5434,-50.739
5213509,Monte Alegre de Goiás,GO,0,-13.2552,-46.8928
5213707,Montes Claros de Goiás,GO,0,-16.0059,-51.3979
5213756,Montividiu,GO,0,-17.4439,-51.1728
5213772,Montividiu do Norte,GO,0,-13.3485,-48.6853
5213806,Morrinhos,GO,0,-17.7334,-49.1059
5213855,Morro Agudo de Goiás,GO,0,-15.3184,-50.0553
5213905,Mossâmedes,GO,0,-16.124,-50.2136
5214002,Mozarlândia,GO,0,-14.7457,-50.5713
5214051,Mundo Novo,GO,0,-13.7729,-50.2814
5214101,Mutunópolis,GO,0,-13.7303,-49.2745
5214408,Nazário,GO,0,-16.5808,-49.8817
5214507,Nerópolis,GO,0,-16.4047,-49.2227
5214606,Niquelândia,GO,0,-14.4662,-48.4599
5214705,Nova América,GO,0,-15.0206,-49.8953
5214804,Nova Aurora,GO,0,-18.0597,-48.2552
5214838,Nova Crixás,GO,0,-14.0957,-50.33
5214861,Nova Glória,GO,0,-15.145,-49.5737
5214879,Nova Iguaçu de Goiás,GO,0,-14.2868,-49.3872
5214903,Nova Roma,GO,0,-13.7388,-46.8734
5215009,Nova Veneza,GO,0,-16.3695,-49.3168
5215207,Novo Brasil,GO,0,-16.0313,-50.7113
5215231,Novo Gama,GO,0,-16.0592,-48.0417
5215256,Novo Planalto,GO,0,-13.2424,-49.506
5215306,Orizona,GO,0,-17.0334,-48.2964
5215405,Ouro Verde de Goiás,GO,0,-16.2181,-49.1942
5215504,Ouvidor,GO,0,-18.2277,-47.8355
5215603,Padre Bernardo,GO,0,-15.1605,-48.2833
5215652,Palestina de Goiás,GO,0,-16.7392,-51.5309
5215702,Palmeiras de Goiás,GO,0,-16.8044,-49.924
5215801,Palmelo,GO,0,-17.3258,-48.426
5215900,Palminópolis,GO,0,-16.7924,-50.1652
5216007,Panamá,GO,0,-18.1783,-49.355
5216304,Paranaiguara,GO,0,-18.9141,-50.6539
5216403,Paraúna,GO,0,-16.9463,-50.4484
5216452,Perolândia,GO,0,-17.5258,-52.065
5216809,Petrolina de Goiás,GO,0,-16.0968,-49.3364
5216908,Pilar de Goiás,GO,0,-14.7608,-49.5784
5217104,Piracanjuba,GO,0,-17.302,-49.017
5217203,Piranhas,GO,0,-16.4258,-51.8235
5217302,Pirenópolis,GO,0,-15.8507,-48.9584
5217401,Pires do Rio,GO,0,-17.3019,-48.2768
5217609,Planaltina,GO,0,-15.452,-47.6089
5217708,Pontalina,GO,0,-17.5225,-49.4489
5218003,Porangatu,GO,0,-13.4391,-49.1503
5218052,Porteirão,GO,0,-17.8143,-50.1653
5218102,Portelândia,GO,0,-17.3554,-52.6799
5218300,Posse,GO,0,-14.0859,-46.3704
5218391,Professor Jamil,GO,0,-17.2497,-49.244
5218508,Quirinópolis,GO,0,-18.4472,-50.4547
5218607,Rialma,GO,0,-15.3145,-49.5814
5218706,Rianápolis,GO,0,-15.4456,-49.5114
5218789,Rio Quente,GO,0,-17.774,-48.7725
5218805,Rio Verde,GO,0,-17.7923,-50.9192
5218904,Rubiataba,GO,0,-15.1617,-49.8048
5219001,Sanclerlândia,GO,0,-16.197,-50.3124
5219100,Santa Bárbara de Goiás,GO,0,-16.5714,-49.6954
5219209,Santa Cruz de Goiás,GO,0,-17.3155,-48.4809
5219258,Santa Fé de Goiás,GO,0,-15.7664,-51.1037
5219308,Santa Helena de Goiás,GO,0,-17.8115,-50.5977
5219357,Santa Isabel,GO,0,-15.2958,-49.4259
5219407,Santa Rita do Araguaia,GO,0,-17.3269,-53.2012
5219456,Santa Rita do Novo Destino,GO,0,-15.1351,-49.1203
5219506,Santa Rosa de Goiás,GO,0,-16.084,-49.4953
5219605,Santa Tereza de Goiás,GO,0,-13.7138,-49.0144
5219704,Santa Terezinha de Goiás,GO,0,-14.4326,-49.7091
5219712,Santo Antônio da Barra,GO,0,-17.5585,-50.6345
5219738,Santo Antônio de Goiás,GO,0,-16.4815,-49.3096
5219753,Santo Antônio do Descoberto,GO,0,-15.9412,-48.2578
5219803,São Domingos,GO,0,-13.621,-46.7415
5219902,São Francisco de Goiás,GO,0,-15.9256,-49.2605
5220009,São João d'Aliança,GO,0,-14.7048,-47.5228
5220058,São João da Paraúna,GO,0,-16.8126,-50.4092
5220108,São Luís de Montes Belos,GO,0,-16.5211,-50.3726
5220157,São Luiz do Norte,GO,0,-14.8608,-49.3285
5220207,São Miguel do Araguaia,GO,0,-13.2731,-50.1634
5220264,São Miguel do Passa Quatro,GO,0,-17.0582,-48.662
5220280,São Patrício,GO,0,-15.35,-49.818
5220405,São Simão,GO,0,-18.996,-50.547
5220454,Senador Canedo,GO,0,-16.7084,-49.0914
5220504,Serranópolis,GO,0,-18.3067,-51.9586
5220603,Silvânia,GO,0,-16.66,-48.6083
5220686,Simolândia,GO,0,-14.4644,-46.4847
5220702,Sítio d'Abadia,GO,0,-14.7992,-46.2506
5221007,Taquaral de Goiás,GO,0,-16.0521,-49.6039
5221080,Teresina de Goiás,GO,0,-13.7801,-47.2659
5221197,Terezópolis de Goiás,GO,0,-16.3945,-49.0797
5221304,Três Ranchos,GO,0,-18.3539,-47.776
5221403,Trindade,GO,0,-16.6517,-49.4927
5221452,Trombas,GO,0,-13.5079,-48.7417
5221502,Turvânia,GO,0,-16.6125,-50.1369
5221551,Turvelândia,GO,0,-17.8502,-50.3024
5221577,Uirapuru,GO,0,-14.2835,-49.9201
5221601,Uruaçu,GO,0,-14.5238,-49.1396
5221700,Uruana,GO,0,-15.4993,-49.6861
5221809,Urutaí,GO,0,-17.4651,-48.2015
5221858,Valparaíso de Goiás,GO,0,-16.0651,-47.9757
5221908,Varjão,GO,0,-17.0471,-49.6312
5222005,Vianópolis,GO,0,-16.7405,-48.5159
5222054,Vicentinópolis,GO,0,-17.7322,-49.8047
5222203,Vila Boa,GO,0,-15.0387,-47.052
5222302,Vila Propício,GO,0,-15.4542,-48.8819
5300108,Brasília,DF,1,-15.7795,-47.9297
